n_samples,n_hashes
1,268464154
2,58001394
3,24077273
4,13097524
5,8261299
6,5631390
7,4073006
8,3104006
9,2448286
10,1906879
11,1543264
12,1271528
13,1073746
14,916463
15,788426
16,683736
17,598838
18,528658
19,472363
20,426280
21,385949
22,356844
23,332578
24,303984
25,266067
26,245228
27,227799
28,212124
29,198287
30,185167
31,174029
32,164579
33,154735
34,145992
35,137830
36,129798
37,123693
38,117900
39,112302
40,109148
41,104938
42,102375
43,98384
44,96124
45,93038
46,89568
47,86485
48,83865
49,79737
50,77011
51,73902
52,70720
53,67706
54,64824
55,61932
56,59325
57,56737
58,54913
59,52815
60,50193
61,48652
62,47028
63,45276
64,43870
65,42489
66,41386
67,40239
68,39242
69,38112
70,36818
71,35793
72,34977
73,33565
74,32306
75,31332
76,29999
77,28977
78,27784
79,26365
80,25682
81,24386
82,23339
83,22567
84,21726
85,20769
86,20205
87,19347
88,18364
89,18028
90,17556
91,16884
92,16164
93,16035
94,15443
95,14991
96,14554
97,14036
98,13979
99,13743
100,13321
101,13020
102,12710
103,12506
104,12195
105,11805
106,11677
107,11620
108,11288
109,10867
110,10964
111,10655
112,10401
113,10262
114,10099
115,10026
116,9426
117,9476
118,9215
119,8961
120,8909
121,8549
122,8614
123,8449
124,8470
125,8237
126,8149
127,7964
128,7687
129,7648
130,7500
131,7467
132,7109
133,6984
134,7004
135,6824
136,6870
137,6632
138,6643
139,6585
140,6463
141,6382
142,6264
143,6170
144,6016
145,5991
146,5828
147,5867
148,5716
149,5674
150,5573
151,5371
152,5419
153,5277
154,5166
155,5171
156,5022
157,5036
158,5131
159,4836
160,4901
161,4682
162,4788
163,4662
164,4580
165,4455
166,4355
167,4394
168,4466
169,4291
170,4282
171,4240
172,4153
173,4074
174,4075
175,4102
176,4079
177,4065
178,3875
179,3851
180,3821
181,3786
182,3685
183,3683
184,3519
185,3630
186,3640
187,3570
188,3546
189,3565
190,3463
191,3499
192,3374
193,3234
194,3266
195,3222
196,3183
197,3236
198,3239
199,3227
200,3160
201,3142
202,2984
203,3025
204,2947
205,2930
206,3102
207,2974
208,2977
209,2952
210,2858
211,2815
212,2845
213,2887
214,2869
215,2752
216,2768
217,2602
218,2685
219,2701
220,2763
221,2712
222,2603
223,2652
224,2557
225,2619
226,2688
227,2502
228,2515
229,2485
230,2512
231,2494
232,2488
233,2463
234,2519
235,2481
236,2515
237,2464
238,2431
239,2529
240,2527
241,2531
242,2410
243,2531
244,2583
245,2452
246,2536
247,2470
248,2484
249,2392
250,2546
251,2462
252,2433
253,2472
254,2479
255,2551
256,2448
257,2536
258,2635
259,2550
260,2548
261,2599
262,2651
263,2543
264,2720
265,2640
266,2711
267,2764
268,2759
269,2746
270,2607
271,2759
272,2833
273,2798
274,2873
275,2855
276,2867
277,2847
278,2857
279,2931
280,2844
281,2927
282,2926
283,3013
284,2906
285,3032
286,2983
287,2884
288,2973
289,2993
290,2998
291,2993
292,3049
293,2988
294,3151
295,3025
296,3098
297,3105
298,3101
299,3105
300,3084
301,3154
302,3121
303,3071
304,3084
305,3084
306,3136
307,3153
308,3129
309,3148
310,3093
311,3070
312,3109
313,3077
314,2989
315,2951
316,3170
317,3124
318,3025
319,3062
320,3013
321,3047
322,3002
323,3034
324,3055
325,3022
326,2956
327,3021
328,3013
329,2992
330,2920
331,2850
332,2833
333,2823
334,2895
335,2864
336,2809
337,2786
338,2681
339,2846
340,2698
341,2688
342,2669
343,2641
344,2565
345,2651
346,2580
347,2518
348,2490
349,2395
350,2418
351,2403
352,2203
353,2275
354,2296
355,2123
356,2159
357,2118
358,2044
359,2135
360,2011
361,2013
362,1888
363,1892
364,1830
365,1741
366,1812
367,1676
368,1675
369,1685
370,1591
371,1564
372,1593
373,1560
374,1539
375,1497
376,1398
377,1374
378,1356
379,1288
380,1262
381,1262
382,1234
383,1189
384,1168
385,1160
386,1075
387,1110
388,1154
389,1029
390,1043
391,933
392,956
393,976
394,915
395,942
396,940
397,887
398,873
399,814
400,859
401,807
402,772
403,767
404,769
405,756
406,770
407,742
408,725
409,770
410,736
411,718
412,759
413,703
414,704
415,648
416,665
417,645
418,674
419,618
420,700
421,679
422,610
423,651
424,617
425,650
426,645
427,580
428,639
429,589
430,603
431,615
432,571
433,599
434,579
435,637
436,542
437,588
438,559
439,554
440,598
441,545
442,573
443,551
444,519
445,559
446,602
447,574
448,522
449,542
450,510
451,526
452,549
453,531
454,511
455,534
456,492
457,536
458,529
459,588
460,536
461,503
462,491
463,478
464,503
465,507
466,487
467,498
468,501
469,508
470,535
471,499
472,472
473,524
474,501
475,472
476,496
477,511
478,457
479,512
480,469
481,502
482,473
483,444
484,441
485,460
486,455
487,463
488,454
489,462
490,464
491,467
492,471
493,443
494,479
495,461
496,453
497,412
498,470
499,440
500,439
501,485
502,433
503,456
504,452
505,456
506,447
507,443
508,424
509,435
510,390
511,449
512,439
513,432
514,401
515,449
516,411
517,415
518,435
519,407
520,417
521,436
522,399
523,413
524,381
525,421
526,402
527,423
528,394
529,405
530,398
531,391
532,362
533,371
534,432
535,387
536,406
537,391
538,380
539,390
540,375
541,363
542,388
543,400
544,387
545,360
546,361
547,373
548,359
549,377
550,374
551,355
552,337
553,375
554,366
555,350
556,330
557,365
558,350
559,373
560,360
561,367
562,380
563,341
564,362
565,334
566,339
567,351
568,345
569,379
570,325
571,330
572,328
573,352
574,335
575,331
576,317
577,331
578,367
579,333
580,325
581,315
582,350
583,330
584,354
585,328
586,316
587,316
588,324
589,313
590,287
591,300
592,329
593,281
594,285
595,279
596,303
597,296
598,292
599,318
600,286
601,311
602,304
603,294
604,304
605,293
606,279
607,299
608,289
609,280
610,300
611,323
612,265
613,288
614,295
615,313
616,295
617,294
618,262
619,272
620,290
621,266
622,277
623,298
624,247
625,271
626,245
627,259
628,309
629,294
630,262
631,252
632,266
633,274
634,284
635,262
636,265
637,253
638,225
639,253
640,293
641,255
642,265
643,252
644,269
645,265
646,248
647,264
648,272
649,254
650,256
651,277
652,256
653,282
654,248
655,236
656,203
657,254
658,237
659,239
660,224
661,250
662,265
663,239
664,230
665,219
666,268
667,238
668,258
669,245
670,221
671,222
672,247
673,223
674,261
675,243
676,203
677,221
678,262
679,224
680,232
681,249
682,228
683,220
684,221
685,225
686,206
687,245
688,204
689,225
690,224
691,208
692,236
693,231
694,218
695,195
696,220
697,218
698,231
699,217
700,195
701,216
702,222
703,206
704,197
705,204
706,195
707,218
708,204
709,203
710,191
711,193
712,218
713,210
714,219
715,189
716,198
717,171
718,201
719,183
720,206
721,208
722,189
723,198
724,212
725,196
726,203
727,213
728,193
729,200
730,215
731,207
732,201
733,185
734,211
735,205
736,165
737,222
738,236
739,196
740,161
741,148
742,184
743,194
744,207
745,205
746,212
747,195
748,205
749,202
750,192
751,190
752,199
753,188
754,176
755,197
756,192
757,215
758,162
759,186
760,191
761,162
762,177
763,192
764,160
765,172
766,216
767,166
768,160
769,169
770,160
771,177
772,186
773,165
774,180
775,162
776,178
777,176
778,150
779,174
780,180
781,172
782,174
783,171
784,160
785,148
786,173
787,184
788,157
789,177
790,155
791,154
792,166
793,160
794,180
795,172
796,157
797,152
798,169
799,157
800,174
801,180
802,158
803,195
804,175
805,168
806,164
807,159
808,174
809,159
810,138
811,157
812,151
813,164
814,173
815,155
816,184
817,157
818,138
819,164
820,151
821,179
822,176
823,174
824,158
825,177
826,150
827,148
828,157
829,158
830,133
831,148
832,174
833,153
834,152
835,151
836,186
837,148
838,145
839,139
840,143
841,144
842,163
843,134
844,139
845,139
846,145
847,147
848,128
849,147
850,126
851,147
852,136
853,159
854,138
855,117
856,144
857,123
858,153
859,155
860,144
861,145
862,132
863,158
864,145
865,134
866,132
867,148
868,135
869,139
870,152
871,132
872,139
873,142
874,116
875,145
876,153
877,128
878,128
879,138
880,116
881,122
882,149
883,121
884,128
885,146
886,137
887,128
888,157
889,141
890,125
891,145
892,110
893,149
894,125
895,123
896,112
897,117
898,126
899,117
900,135
901,137
902,126
903,107
904,130
905,114
906,119
907,129
908,131
909,128
910,138
911,122
912,120
913,144
914,128
915,102
916,125
917,117
918,114
919,119
920,120
921,138
922,101
923,116
924,105
925,137
926,132
927,118
928,111
929,140
930,128
931,130
932,116
933,132
934,136
935,107
936,113
937,120
938,114
939,134
940,110
941,113
942,113
943,115
944,110
945,125
946,114
947,119
948,125
949,105
950,129
951,119
952,124
953,119
954,106
955,105
956,130
957,123
958,105
959,126
960,95
961,113
962,118
963,131
964,118
965,118
966,99
967,99
968,126
969,115
970,113
971,117
972,113
973,127
974,90
975,86
976,103
977,98
978,116
979,125
980,101
981,106
982,124
983,111
984,113
985,103
986,107
987,104
988,115
989,98
990,102
991,99
992,86
993,92
994,101
995,94
996,111
997,111
998,108
999,108
1000,108
1001,97
1002,99
1003,82
1004,102
1005,78
1006,111
1007,98
1008,102
1009,97
1010,103
1011,102
1012,111
1013,104
1014,97
1015,108
1016,97
1017,102
1018,93
1019,94
1020,83
1021,88
1022,102
1023,86
1024,110
1025,93
1026,108
1027,79
1028,100
1029,95
1030,88
1031,87
1032,79
1033,100
1034,91
1035,84
1036,95
1037,79
1038,95
1039,85
1040,80
1041,86
1042,103
1043,85
1044,88
1045,99
1046,88
1047,76
1048,81
1049,84
1050,95
1051,88
1052,90
1053,92
1054,91
1055,82
1056,79
1057,87
1058,84
1059,93
1060,90
1061,80
1062,90
1063,98
1064,85
1065,88
1066,75
1067,78
1068,97
1069,85
1070,70
1071,88
1072,91
1073,88
1074,86
1075,111
1076,91
1077,96
1078,69
1079,99
1080,79
1081,80
1082,87
1083,84
1084,85
1085,86
1086,83
1087,80
1088,83
1089,78
1090,84
1091,86
1092,90
1093,76
1094,94
1095,83
1096,97
1097,93
1098,72
1099,88
1100,99
1101,89
1102,91
1103,80
1104,88
1105,80
1106,92
1107,66
1108,86
1109,82
1110,79
1111,95
1112,96
1113,78
1114,87
1115,87
1116,62
1117,84
1118,64
1119,74
1120,79
1121,73
1122,84
1123,77
1124,74
1125,76
1126,80
1127,62
1128,83
1129,82
1130,74
1131,92
1132,86
1133,88
1134,78
1135,84
1136,69
1137,83
1138,79
1139,78
1140,69
1141,82
1142,65
1143,86
1144,94
1145,95
1146,82
1147,89
1148,73
1149,72
1150,79
1151,76
1152,73
1153,65
1154,70
1155,61
1156,70
1157,74
1158,78
1159,75
1160,88
1161,92
1162,80
1163,76
1164,82
1165,59
1166,79
1167,99
1168,81
1169,67
1170,65
1171,73
1172,69
1173,78
1174,80
1175,67
1176,85
1177,67
1178,72
1179,64
1180,70
1181,61
1182,72
1183,77
1184,78
1185,61
1186,91
1187,64
1188,63
1189,65
1190,67
1191,89
1192,74
1193,67
1194,74
1195,72
1196,81
1197,67
1198,64
1199,81
1200,74
1201,67
1202,79
1203,81
1204,85
1205,75
1206,75
1207,68
1208,63
1209,78
1210,73
1211,77
1212,76
1213,64
1214,67
1215,65
1216,73
1217,60
1218,57
1219,73
1220,73
1221,72
1222,66
1223,70
1224,67
1225,73
1226,69
1227,66
1228,66
1229,70
1230,72
1231,60
1232,65
1233,67
1234,85
1235,70
1236,75
1237,76
1238,66
1239,78
1240,65
1241,60
1242,71
1243,52
1244,64
1245,77
1246,64
1247,75
1248,59
1249,62
1250,83
1251,86
1252,53
1253,64
1254,72
1255,76
1256,65
1257,62
1258,67
1259,76
1260,75
1261,56
1262,73
1263,73
1264,76
1265,62
1266,60
1267,57
1268,51
1269,62
1270,65
1271,64
1272,66
1273,68
1274,58
1275,58
1276,56
1277,70
1278,69
1279,59
1280,70
1281,52
1282,66
1283,65
1284,65
1285,70
1286,63
1287,63
1288,59
1289,69
1290,69
1291,61
1292,65
1293,58
1294,69
1295,63
1296,64
1297,63
1298,62
1299,66
1300,60
1301,52
1302,70
1303,59
1304,62
1305,55
1306,61
1307,54
1308,67
1309,64
1310,58
1311,70
1312,62
1313,60
1314,56
1315,47
1316,56
1317,73
1318,59
1319,78
1320,57
1321,49
1322,61
1323,68
1324,47
1325,74
1326,52
1327,65
1328,50
1329,42
1330,54
1331,64
1332,42
1333,58
1334,52
1335,61
1336,54
1337,62
1338,62
1339,59
1340,64
1341,66
1342,61
1343,64
1344,45
1345,44
1346,67
1347,45
1348,84
1349,62
1350,66
1351,61
1352,66
1353,59
1354,56
1355,61
1356,55
1357,61
1358,57
1359,58
1360,62
1361,60
1362,54
1363,62
1364,50
1365,63
1366,68
1367,62
1368,72
1369,59
1370,67
1371,65
1372,51
1373,47
1374,47
1375,55
1376,45
1377,76
1378,58
1379,55
1380,65
1381,54
1382,45
1383,43
1384,44
1385,58
1386,63
1387,51
1388,78
1389,72
1390,56
1391,53
1392,52
1393,54
1394,49
1395,57
1396,74
1397,63
1398,60
1399,44
1400,61
1401,57
1402,46
1403,61
1404,53
1405,63
1406,52
1407,58
1408,37
1409,52
1410,47
1411,53
1412,57
1413,48
1414,45
1415,55
1416,49
1417,61
1418,56
1419,41
1420,47
1421,51
1422,51
1423,45
1424,31
1425,64
1426,54
1427,43
1428,51
1429,61
1430,52
1431,63
1432,53
1433,53
1434,54
1435,62
1436,48
1437,39
1438,55
1439,58
1440,56
1441,58
1442,40
1443,45
1444,54
1445,39
1446,48
1447,53
1448,63
1449,51
1450,43
1451,35
1452,47
1453,39
1454,61
1455,56
1456,56
1457,45
1458,46
1459,43
1460,45
1461,53
1462,44
1463,42
1464,43
1465,42
1466,37
1467,40
1468,39
1469,32
1470,45
1471,43
1472,48
1473,43
1474,56
1475,53
1476,53
1477,41
1478,38
1479,49
1480,36
1481,40
1482,51
1483,44
1484,51
1485,58
1486,57
1487,46
1488,47
1489,45
1490,38
1491,45
1492,43
1493,51
1494,43
1495,53
1496,49
1497,45
1498,43
1499,49
1500,37
1501,39
1502,52
1503,55
1504,45
1505,39
1506,42
1507,49
1508,37
1509,42
1510,37
1511,41
1512,49
1513,34
1514,35
1515,53
1516,33
1517,50
1518,41
1519,54
1520,37
1521,48
1522,39
1523,52
1524,44
1525,48
1526,35
1527,40
1528,43
1529,42
1530,38
1531,51
1532,36
1533,35
1534,47
1535,43
1536,42
1537,42
1538,35
1539,37
1540,49
1541,36
1542,47
1543,46
1544,39
1545,54
1546,44
1547,26
1548,35
1549,33
1550,39
1551,48
1552,40
1553,40
1554,37
1555,39
1556,44
1557,36
1558,41
1559,43
1560,48
1561,44
1562,35
1563,36
1564,53
1565,40
1566,48
1567,25
1568,36
1569,29
1570,35
1571,22
1572,31
1573,42
1574,37
1575,45
1576,34
1577,38
1578,37
1579,33
1580,37
1581,48
1582,47
1583,33
1584,33
1585,40
1586,50
1587,40
1588,27
1589,35
1590,30
1591,46
1592,37
1593,31
1594,33
1595,41
1596,36
1597,47
1598,33
1599,37
1600,26
1601,36
1602,36
1603,32
1604,31
1605,40
1606,31
1607,41
1608,37
1609,32
1610,33
1611,43
1612,40
1613,45
1614,33
1615,37
1616,39
1617,38
1618,30
1619,45
1620,43
1621,47
1622,33
1623,30
1624,32
1625,26
1626,48
1627,35
1628,42
1629,26
1630,34
1631,39
1632,42
1633,38
1634,41
1635,27
1636,39
1637,40
1638,39
1639,33
1640,36
1641,30
1642,32
1643,30
1644,26
1645,32
1646,29
1647,36
1648,35
1649,41
1650,31
1651,31
1652,35
1653,29
1654,31
1655,30
1656,27
1657,25
1658,36
1659,52
1660,37
1661,38
1662,36
1663,35
1664,33
1665,28
1666,43
1667,33
1668,35
1669,35
1670,40
1671,25
1672,20
1673,41
1674,32
1675,36
1676,38
1677,32
1678,30
1679,32
1680,20
1681,37
1682,33
1683,36
1684,27
1685,36
1686,40
1687,25
1688,28
1689,31
1690,32
1691,33
1692,28
1693,26
1694,31
1695,31
1696,33
1697,40
1698,38
1699,31
1700,24
1701,42
1702,26
1703,29
1704,27
1705,35
1706,32
1707,25
1708,29
1709,38
1710,29
1711,36
1712,39
1713,33
1714,42
1715,36
1716,31
1717,34
1718,26
1719,37
1720,36
1721,34
1722,24
1723,24
1724,22
1725,32
1726,33
1727,32
1728,24
1729,22
1730,37
1731,46
1732,30
1733,20
1734,33
1735,25
1736,31
1737,30
1738,35
1739,26
1740,38
1741,37
1742,31
1743,35
1744,27
1745,37
1746,26
1747,26
1748,29
1749,33
1750,43
1751,28
1752,37
1753,31
1754,30
1755,28
1756,47
1757,33
1758,18
1759,24
1760,29
1761,24
1762,22
1763,35
1764,49
1765,35
1766,24
1767,22
1768,20
1769,41
1770,27
1771,33
1772,32
1773,27
1774,44
1775,32
1776,23
1777,37
1778,23
1779,37
1780,32
1781,26
1782,33
1783,27
1784,35
1785,32
1786,27
1787,25
1788,31
1789,30
1790,25
1791,29
1792,35
1793,28
1794,35
1795,32
1796,31
1797,28
1798,32
1799,23
1800,28
1801,36
1802,25
1803,23
1804,33
1805,29
1806,33
1807,32
1808,33
1809,24
1810,30
1811,30
1812,24
1813,27
1814,33
1815,23
1816,28
1817,24
1818,24
1819,36
1820,17
1821,32
1822,43
1823,30
1824,26
1825,32
1826,23
1827,33
1828,25
1829,22
1830,32
1831,27
1832,32
1833,34
1834,38
1835,31
1836,26
1837,32
1838,25
1839,38
1840,41
1841,21
1842,35
1843,24
1844,37
1845,37
1846,39
1847,27
1848,31
1849,26
1850,27
1851,25
1852,28
1853,27
1854,33
1855,35
1856,23
1857,24
1858,29
1859,20
1860,31
1861,31
1862,30
1863,33
1864,21
1865,30
1866,26
1867,27
1868,23
1869,26
1870,27
1871,30
1872,27
1873,26
1874,32
1875,39
1876,33
1877,27
1878,37
1879,24
1880,23
1881,16
1882,19
1883,22
1884,31
1885,24
1886,22
1887,20
1888,19
1889,15
1890,23
1891,28
1892,27
1893,21
1894,28
1895,33
1896,30
1897,22
1898,25
1899,27
1900,29
1901,29
1902,29
1903,16
1904,21
1905,32
1906,21
1907,29
1908,27
1909,22
1910,16
1911,26
1912,36
1913,24
1914,27
1915,35
1916,15
1917,30
1918,18
1919,24
1920,24
1921,24
1922,28
1923,18
1924,21
1925,25
1926,24
1927,33
1928,25
1929,23
1930,18
1931,18
1932,17
1933,19
1934,28
1935,23
1936,31
1937,34
1938,22
1939,24
1940,22
1941,29
1942,15
1943,32
1944,30
1945,24
1946,30
1947,27
1948,28
1949,25
1950,25
1951,22
1952,30
1953,24
1954,31
1955,30
1956,24
1957,32
1958,21
1959,20
1960,24
1961,21
1962,26
1963,37
1964,26
1965,24
1966,29
1967,22
1968,24
1969,23
1970,28
1971,24
1972,26
1973,17
1974,33
1975,25
1976,32
1977,17
1978,20
1979,30
1980,31
1981,27
1982,20
1983,36
1984,21
1985,28
1986,31
1987,21
1988,32
1989,24
1990,28
1991,30
1992,30
1993,28
1994,27
1995,26
1996,26
1997,23
1998,23
1999,22
2000,25
2001,16
2002,33
2003,16
2004,24
2005,33
2006,21
2007,24
2008,20
2009,26
2010,27
2011,25
2012,26
2013,26
2014,25
2015,26
2016,25
2017,21
2018,24
2019,21
2020,22
2021,22
2022,23
2023,26
2024,24
2025,19
2026,17
2027,24
2028,32
2029,19
2030,22
2031,25
2032,20
2033,23
2034,35
2035,19
2036,16
2037,25
2038,20
2039,18
2040,17
2041,28
2042,15
2043,21
2044,22
2045,26
2046,24
2047,26
2048,26
2049,30
2050,17
2051,28
2052,26
2053,18
2054,16
2055,12
2056,14
2057,24
2058,15
2059,18
2060,14
2061,32
2062,22
2063,28
2064,26
2065,18
2066,19
2067,14
2068,19
2069,20
2070,21
2071,26
2072,28
2073,18
2074,22
2075,30
2076,15
2077,17
2078,20
2079,29
2080,32
2081,20
2082,20
2083,20
2084,24
2085,31
2086,19
2087,25
2088,17
2089,25
2090,12
2091,17
2092,17
2093,18
2094,18
2095,18
2096,22
2097,22
2098,26
2099,24
2100,19
2101,18
2102,23
2103,17
2104,23
2105,16
2106,20
2107,20
2108,22
2109,18
2110,23
2111,7
2112,21
2113,18
2114,15
2115,20
2116,21
2117,22
2118,17
2119,25
2120,28
2121,26
2122,16
2123,17
2124,28
2125,17
2126,30
2127,17
2128,20
2129,16
2130,18
2131,26
2132,15
2133,25
2134,24
2135,21
2136,14
2137,20
2138,22
2139,14
2140,17
2141,24
2142,23
2143,22
2144,24
2145,12
2146,19
2147,19
2148,26
2149,22
2150,19
2151,19
2152,20
2153,22
2154,20
2155,21
2156,24
2157,17
2158,22
2159,21
2160,30
2161,22
2162,31
2163,28
2164,28
2165,29
2166,16
2167,15
2168,18
2169,17
2170,22
2171,25
2172,19
2173,17
2174,17
2175,22
2176,19
2177,15
2178,20
2179,26
2180,16
2181,22
2182,20
2183,17
2184,18
2185,25
2186,17
2187,17
2188,21
2189,26
2190,24
2191,18
2192,23
2193,21
2194,18
2195,14
2196,24
2197,18
2198,19
2199,19
2200,17
2201,24
2202,18
2203,11
2204,22
2205,19
2206,25
2207,16
2208,21
2209,19
2210,18
2211,18
2212,19
2213,30
2214,26
2215,22
2216,20
2217,16
2218,15
2219,23
2220,22
2221,20
2222,27
2223,20
2224,18
2225,24
2226,19
2227,12
2228,23
2229,21
2230,11
2231,20
2232,15
2233,24
2234,20
2235,23
2236,23
2237,27
2238,14
2239,21
2240,17
2241,15
2242,20
2243,21
2244,24
2245,16
2246,23
2247,24
2248,19
2249,12
2250,24
2251,21
2252,23
2253,21
2254,14
2255,20
2256,23
2257,24
2258,17
2259,22
2260,20
2261,19
2262,19
2263,21
2264,15
2265,13
2266,15
2267,12
2268,18
2269,21
2270,23
2271,26
2272,23
2273,17
2274,20
2275,18
2276,19
2277,20
2278,19
2279,11
2280,21
2281,17
2282,23
2283,19
2284,24
2285,20
2286,20
2287,10
2288,14
2289,21
2290,23
2291,14
2292,12
2293,33
2294,17
2295,24
2296,15
2297,19
2298,17
2299,21
2300,21
2301,20
2302,15
2303,15
2304,11
2305,17
2306,19
2307,16
2308,22
2309,15
2310,12
2311,11
2312,14
2313,13
2314,17
2315,17
2316,12
2317,21
2318,21
2319,24
2320,27
2321,17
2322,17
2323,19
2324,17
2325,22
2326,28
2327,20
2328,17
2329,15
2330,15
2331,22
2332,21
2333,17
2334,20
2335,26
2336,14
2337,17
2338,24
2339,24
2340,17
2341,21
2342,14
2343,13
2344,18
2345,14
2346,19
2347,15
2348,16
2349,16
2350,14
2351,13
2352,20
2353,16
2354,21
2355,12
2356,12
2357,8
2358,19
2359,12
2360,18
2361,13
2362,22
2363,17
2364,15
2365,23
2366,20
2367,18
2368,25
2369,13
2370,18
2371,23
2372,19
2373,17
2374,22
2375,19
2376,16
2377,25
2378,16
2379,20
2380,20
2381,13
2382,12
2383,18
2384,12
2385,18
2386,17
2387,16
2388,12
2389,15
2390,13
2391,14
2392,15
2393,18
2394,22
2395,18
2396,20
2397,19
2398,18
2399,15
2400,15
2401,14
2402,18
2403,10
2404,24
2405,13
2406,18
2407,14
2408,22
2409,15
2410,19
2411,20
2412,26
2413,17
2414,15
2415,20
2416,15
2417,17
2418,15
2419,14
2420,12
2421,18
2422,13
2423,23
2424,26
2425,17
2426,18
2427,19
2428,9
2429,19
2430,16
2431,18
2432,10
2433,19
2434,19
2435,15
2436,15
2437,10
2438,11
2439,22
2440,23
2441,27
2442,19
2443,13
2444,19
2445,18
2446,17
2447,7
2448,9
2449,17
2450,17
2451,25
2452,17
2453,10
2454,26
2455,18
2456,8
2457,12
2458,16
2459,14
2460,23
2461,18
2462,13
2463,26
2464,18
2465,17
2466,11
2467,8
2468,11
2469,13
2470,15
2471,12
2472,14
2473,10
2474,14
2475,11
2476,18
2477,20
2478,23
2479,24
2480,11
2481,17
2482,12
2483,16
2484,5
2485,12
2486,17
2487,22
2488,14
2489,13
2490,13
2491,9
2492,15
2493,10
2494,11
2495,17
2496,18
2497,20
2498,12
2499,13
2500,16
2501,18
2502,10
2503,11
2504,10
2505,15
2506,25
2507,12
2508,15
2509,7
2510,11
2511,32
2512,20
2513,14
2514,15
2515,20
2516,20
2517,15
2518,8
2519,13
2520,23
2521,17
2522,15
2523,9
2524,14
2525,16
2526,13
2527,11
2528,18
2529,17
2530,15
2531,15
2532,12
2533,19
2534,13
2535,9
2536,12
2537,16
2538,15
2539,14
2540,15
2541,18
2542,17
2543,21
2544,15
2545,14
2546,13
2547,18
2548,22
2549,8
2550,21
2551,21
2552,18
2553,16
2554,18
2555,12
2556,19
2557,18
2558,16
2559,14
2560,9
2561,13
2562,9
2563,17
2564,14
2565,17
2566,12
2567,9
2568,15
2569,16
2570,18
2571,12
2572,16
2573,17
2574,16
2575,17
2576,9
2577,20
2578,16
2579,13
2580,16
2581,16
2582,14
2583,17
2584,9
2585,14
2586,15
2587,16
2588,14
2589,10
2590,17
2591,11
2592,8
2593,14
2594,14
2595,15
2596,18
2597,10
2598,12
2599,13
2600,11
2601,14
2602,15
2603,15
2604,24
2605,18
2606,19
2607,15
2608,13
2609,13
2610,11
2611,14
2612,8
2613,14
2614,19
2615,16
2616,17
2617,15
2618,9
2619,12
2620,17
2621,17
2622,21
2623,22
2624,17
2625,17
2626,12
2627,16
2628,12
2629,12
2630,14
2631,16
2632,19
2633,19
2634,10
2635,12
2636,22
2637,13
2638,14
2639,11
2640,11
2641,19
2642,17
2643,15
2644,11
2645,13
2646,9
2647,12
2648,11
2649,11
2650,9
2651,17
2652,15
2653,12
2654,10
2655,13
2656,18
2657,17
2658,11
2659,15
2660,24
2661,19
2662,11
2663,14
2664,7
2665,8
2666,15
2667,19
2668,17
2669,20
2670,15
2671,11
2672,21
2673,15
2674,17
2675,17
2676,12
2677,21
2678,13
2679,21
2680,12
2681,16
2682,11
2683,8
2684,15
2685,19
2686,9
2687,17
2688,15
2689,8
2690,12
2691,13
2692,12
2693,13
2694,7
2695,11
2696,9
2697,15
2698,18
2699,16
2700,19
2701,16
2702,15
2703,14
2704,13
2705,10
2706,16
2707,8
2708,14
2709,8
2710,17
2711,7
2712,7
2713,9
2714,17
2715,19
2716,13
2717,12
2718,14
2719,19
2720,16
2721,15
2722,13
2723,10
2724,14
2725,12
2726,13
2727,12
2728,17
2729,14
2730,11
2731,14
2732,19
2733,15
2734,10
2735,12
2736,13
2737,11
2738,12
2739,11
2740,18
2741,12
2742,15
2743,18
2744,13
2745,9
2746,10
2747,10
2748,14
2749,12
2750,12
2751,15
2752,13
2753,10
2754,13
2755,14
2756,11
2757,12
2758,8
2759,10
2760,10
2761,12
2762,11
2763,9
2764,18
2765,12
2766,10
2767,19
2768,7
2769,15
2770,17
2771,11
2772,18
2773,11
2774,13
2775,17
2776,12
2777,12
2778,14
2779,14
2780,13
2781,11
2782,15
2783,10
2784,15
2785,13
2786,13
2787,16
2788,10
2789,13
2790,16
2791,10
2792,8
2793,13
2794,11
2795,15
2796,18
2797,13
2798,11
2799,12
2800,10
2801,9
2802,16
2803,16
2804,12
2805,14
2806,8
2807,6
2808,12
2809,10
2810,11
2811,13
2812,9
2813,9
2814,15
2815,15
2816,12
2817,12
2818,15
2819,10
2820,17
2821,12
2822,12
2823,8
2824,15
2825,12
2826,8
2827,9
2828,14
2829,10
2830,11
2831,13
2832,9
2833,19
2834,14
2835,7
2836,16
2837,14
2838,16
2839,17
2840,17
2841,12
2842,15
2843,11
2844,9
2845,9
2846,13
2847,16
2848,13
2849,14
2850,13
2851,10
2852,12
2853,12
2854,11
2855,18
2856,5
2857,9
2858,15
2859,24
2860,13
2861,18
2862,8
2863,8
2864,16
2865,15
2866,5
2867,11
2868,7
2869,9
2870,11
2871,9
2872,12
2873,9
2874,20
2875,11
2876,12
2877,22
2878,7
2879,16
2880,13
2881,14
2882,18
2883,14
2884,8
2885,15
2886,8
2887,11
2888,10
2889,6
2890,17
2891,23
2892,7
2893,17
2894,11
2895,9
2896,7
2897,14
2898,11
2899,11
2900,12
2901,8
2902,10
2903,12
2904,13
2905,16
2906,14
2907,11
2908,19
2909,8
2910,6
2911,13
2912,10
2913,13
2914,10
2915,8
2916,8
2917,8
2918,12
2919,9
2920,12
2921,12
2922,8
2923,7
2924,10
2925,7
2926,11
2927,12
2928,8
2929,10
2930,20
2931,16
2932,12
2933,14
2934,17
2935,12
2936,17
2937,16
2938,11
2939,9
2940,13
2941,17
2942,18
2943,12
2944,14
2945,16
2946,9
2947,13
2948,10
2949,18
2950,11
2951,12
2952,16
2953,10
2954,16
2955,13
2956,17
2957,9
2958,7
2959,13
2960,7
2961,10
2962,8
2963,12
2964,15
2965,13
2966,16
2967,4
2968,16
2969,14
2970,6
2971,11
2972,10
2973,10
2974,20
2975,10
2976,16
2977,18
2978,12
2979,5
2980,15
2981,10
2982,9
2983,12
2984,13
2985,9
2986,6
2987,15
2988,9
2989,12
2990,7
2991,10
2992,12
2993,11
2994,12
2995,8
2996,15
2997,10
2998,12
2999,10
3000,9
3001,13
3002,13
3003,7
3004,9
3005,13
3006,8
3007,11
3008,15
3009,11
3010,12
3011,13
3012,10
3013,3
3014,6
3015,12
3016,7
3017,11
3018,11
3019,11
3020,8
3021,12
3022,13
3023,12
3024,15
3025,11
3026,10
3027,15
3028,12
3029,8
3030,7
3031,4
3032,7
3033,14
3034,19
3035,19
3036,13
3037,10
3038,8
3039,17
3040,15
3041,14
3042,8
3043,18
3044,13
3045,9
3046,10
3047,12
3048,8
3049,20
3050,8
3051,13
3052,12
3053,7
3054,11
3055,9
3056,14
3057,10
3058,10
3059,12
3060,14
3061,5
3062,13
3063,14
3064,9
3065,16
3066,9
3067,15
3068,14
3069,10
3070,7
3071,11
3072,11
3073,11
3074,9
3075,11
3076,9
3077,11
3078,12
3079,12
3080,10
3081,20
3082,8
3083,10
3084,9
3085,12
3086,14
3087,12
3088,11
3089,8
3090,9
3091,6
3092,15
3093,11
3094,7
3095,11
3096,13
3097,18
3098,6
3099,10
3100,9
3101,6
3102,8
3103,8
3104,12
3105,15
3106,8
3107,9
3108,13
3109,5
3110,11
3111,10
3112,12
3113,10
3114,6
3115,14
3116,10
3117,7
3118,10
3119,9
3120,12
3121,12
3122,17
3123,14
3124,13
3125,13
3126,6
3127,8
3128,8
3129,14
3130,10
3131,13
3132,10
3133,10
3134,9
3135,8
3136,13
3137,7
3138,9
3139,13
3140,6
3141,11
3142,9
3143,8
3144,6
3145,8
3146,9
3147,8
3148,12
3149,7
3150,11
3151,8
3152,8
3153,9
3154,11
3155,9
3156,10
3157,9
3158,7
3159,8
3160,3
3161,16
3162,14
3163,9
3164,13
3165,7
3166,13
3167,10
3168,9
3169,12
3170,15
3171,15
3172,5
3173,9
3174,14
3175,12
3176,8
3177,15
3178,7
3179,13
3180,7
3181,9
3182,16
3183,11
3184,12
3185,11
3186,5
3187,8
3188,8
3189,8
3190,7
3191,10
3192,8
3193,10
3194,12
3195,2
3196,7
3197,14
3198,11
3199,7
3200,8
3201,9
3202,12
3203,10
3204,5
3205,9
3206,10
3207,11
3208,14
3209,10
3210,10
3211,10
3212,11
3213,10
3214,10
3215,12
3216,7
3217,13
3218,10
3219,11
3220,6
3221,7
3222,11
3223,6
3224,10
3225,10
3226,7
3227,7
3228,16
3229,7
3230,11
3231,10
3232,13
3233,7
3234,12
3235,7
3236,10
3237,11
3238,5
3239,7
3240,6
3241,9
3242,9
3243,7
3244,20
3245,8
3246,8
3247,9
3248,12
3249,9
3250,9
3251,11
3252,13
3253,7
3254,6
3255,7
3256,11
3257,5
3258,12
3259,7
3260,6
3261,14
3262,10
3263,9
3264,9
3265,12
3266,6
3267,8
3268,11
3269,11
3270,8
3271,10
3272,12
3273,10
3274,14
3275,12
3276,8
3277,11
3278,10
3279,11
3280,6
3281,9
3282,10
3283,9
3284,8
3285,4
3286,6
3287,13
3288,10
3289,12
3290,7
3291,9
3292,12
3293,13
3294,8
3295,7
3296,15
3297,12
3298,8
3299,14
3300,8
3301,10
3302,11
3303,12
3304,11
3305,15
3306,4
3307,7
3308,9
3309,10
3310,10
3311,6
3312,6
3313,8
3314,8
3315,3
3316,14
3317,4
3318,7
3319,13
3320,8
3321,6
3322,8
3323,13
3324,11
3325,11
3326,8
3327,8
3328,9
3329,6
3330,13
3331,8
3332,10
3333,7
3334,12
3335,7
3336,11
3337,12
3338,10
3339,12
3340,9
3341,10
3342,10
3343,9
3344,8
3345,14
3346,8
3347,5
3348,4
3349,12
3350,11
3351,8
3352,7
3353,7
3354,10
3355,9
3356,11
3357,10
3358,9
3359,9
3360,7
3361,7
3362,9
3363,7
3364,7
3365,12
3366,5
3367,11
3368,5
3369,13
3370,10
3371,14
3372,13
3373,8
3374,13
3375,7
3376,7
3377,6
3378,5
3379,13
3380,11
3381,9
3382,15
3383,5
3384,7
3385,11
3386,13
3387,9
3388,8
3389,9
3390,10
3391,7
3392,13
3393,7
3394,11
3395,13
3396,13
3397,4
3398,12
3399,4
3400,7
3401,11
3402,9
3403,8
3404,6
3405,10
3406,9
3407,6
3408,12
3409,4
3410,6
3411,11
3412,4
3413,7
3414,8
3415,7
3416,4
3417,11
3418,9
3419,11
3420,5
3421,9
3422,11
3423,6
3424,11
3425,9
3426,9
3427,10
3428,6
3429,13
3430,9
3431,9
3432,7
3433,6
3434,12
3435,15
3436,5
3437,10
3438,9
3439,8
3440,7
3441,11
3442,6
3443,6
3444,3
3445,10
3446,9
3447,8
3448,2
3449,5
3450,12
3451,12
3452,11
3453,10
3454,7
3455,9
3456,9
3457,7
3458,11
3459,7
3460,7
3461,6
3462,13
3463,7
3464,13
3465,7
3466,10
3467,13
3468,6
3469,11
3470,10
3471,8
3472,9
3473,11
3474,11
3475,12
3476,6
3477,10
3478,9
3479,8
3480,17
3481,11
3482,8
3483,7
3484,16
3485,8
3486,7
3487,8
3488,1
3489,9
3490,10
3491,8
3492,15
3493,4
3494,9
3495,6
3496,13
3497,5
3498,9
3499,6
3500,10
3501,7
3502,9
3503,7
3504,10
3505,12
3506,6
3507,11
3508,7
3509,5
3510,8
3511,9
3512,8
3513,8
3514,10
3515,8
3516,9
3517,11
3518,13
3519,7
3520,14
3521,8
3522,7
3523,6
3524,6
3525,5
3526,5
3527,5
3528,7
3529,5
3530,8
3531,9
3532,4
3533,7
3534,10
3535,6
3536,8
3537,5
3538,16
3539,6
3540,3
3541,12
3542,7
3543,5
3544,12
3545,6
3546,10
3547,13
3548,12
3549,14
3550,7
3551,9
3552,10
3553,8
3554,9
3555,7
3556,6
3557,10
3558,7
3559,3
3560,12
3561,8
3562,13
3563,2
3564,8
3565,14
3566,8
3567,9
3568,17
3569,10
3570,9
3571,7
3572,8
3573,15
3574,9
3575,5
3576,10
3577,6
3578,8
3579,9
3580,17
3581,9
3582,10
3583,10
3584,12
3585,7
3586,11
3587,9
3588,8
3589,8
3590,8
3591,6
3592,9
3593,12
3594,8
3595,4
3596,14
3597,7
3598,13
3599,11
3600,10
3601,10
3602,5
3603,12
3604,11
3605,9
3606,11
3607,8
3608,6
3609,8
3610,10
3611,10
3612,8
3613,10
3614,10
3615,10
3616,14
3617,4
3618,10
3619,12
3620,13
3621,10
3622,9
3623,7
3624,11
3625,13
3626,8
3627,9
3628,5
3629,10
3630,6
3631,4
3632,8
3633,12
3634,9
3635,8
3636,10
3637,7
3638,6
3639,6
3640,11
3641,9
3642,10
3643,6
3644,7
3645,7
3646,7
3647,8
3648,12
3649,11
3650,12
3651,8
3652,7
3653,8
3654,8
3655,13
3656,12
3657,9
3658,5
3659,10
3660,8
3661,4
3662,5
3663,15
3664,10
3665,8
3666,9
3667,6
3668,9
3669,16
3670,3
3671,6
3672,7
3673,8
3674,7
3675,6
3676,11
3677,8
3678,9
3679,9
3680,7
3681,11
3682,4
3683,8
3684,9
3685,9
3686,12
3687,11
3688,4
3689,5
3690,8
3691,6
3692,8
3693,8
3694,5
3695,8
3696,8
3697,5
3698,7
3699,6
3700,7
3701,11
3702,8
3703,9
3704,4
3705,11
3706,6
3707,8
3708,9
3709,7
3710,11
3711,7
3712,9
3713,10
3714,10
3715,8
3716,11
3717,5
3718,7
3719,2
3720,13
3721,10
3722,5
3723,9
3724,10
3725,14
3726,9
3727,6
3728,8
3729,7
3730,7
3731,14
3732,13
3733,7
3734,10
3735,9
3736,8
3737,7
3738,10
3739,10
3740,10
3741,9
3742,8
3743,11
3744,1
3745,7
3746,9
3747,8
3748,7
3749,12
3750,7
3751,8
3752,6
3753,7
3754,10
3755,7
3756,9
3757,6
3758,8
3759,11
3760,6
3761,10
3762,8
3763,5
3764,13
3765,7
3766,8
3767,13
3768,8
3769,11
3770,6
3771,2
3772,2
3773,8
3774,8
3775,3
3776,10
3777,6
3778,6
3779,9
3780,14
3781,9
3782,6
3783,9
3784,9
3785,13
3786,6
3787,3
3788,13
3789,7
3790,6
3791,7
3792,8
3793,11
3794,4
3795,9
3796,6
3797,6
3798,8
3799,5
3800,8
3801,10
3802,4
3803,8
3804,8
3805,8
3806,9
3807,7
3808,7
3809,9
3810,10
3811,4
3812,7
3813,7
3814,10
3815,10
3816,9
3817,3
3818,5
3819,9
3820,7
3821,9
3822,8
3823,8
3824,7
3825,5
3826,6
3827,11
3828,8
3829,11
3830,6
3831,5
3832,8
3833,7
3834,8
3835,7
3836,15
3837,12
3838,8
3839,10
3840,6
3841,4
3842,6
3843,9
3844,10
3845,12
3846,9
3847,12
3848,4
3849,7
3850,9
3851,9
3852,6
3853,3
3854,8
3856,7
3857,6
3858,5
3859,7
3860,4
3861,12
3862,8
3863,12
3864,8
3865,5
3866,2
3867,7
3868,2
3869,3
3870,9
3871,5
3872,11
3873,5
3874,12
3875,9
3876,5
3877,5
3878,9
3879,8
3880,11
3881,10
3882,11
3883,9
3884,4
3885,4
3886,6
3887,7
3888,7
3889,7
3890,8
3891,6
3892,9
3893,7
3894,5
3895,4
3896,5
3897,8
3898,10
3899,9
3900,8
3901,7
3902,8
3903,11
3904,5
3905,5
3906,8
3907,8
3908,7
3909,12
3910,9
3911,3
3912,4
3913,6
3914,9
3915,13
3916,11
3917,11
3918,8
3919,5
3920,10
3921,12
3922,6
3923,3
3924,10
3925,8
3926,7
3927,11
3928,8
3929,10
3930,11
3931,7
3932,10
3933,7
3934,9
3935,12
3936,4
3937,4
3938,6
3939,3
3940,4
3941,7
3942,9
3943,12
3944,5
3945,5
3946,2
3947,11
3948,4
3949,7
3950,8
3951,8
3952,10
3953,8
3954,8
3955,8
3956,9
3957,5
3958,7
3959,14
3960,8
3961,10
3962,5
3963,6
3964,8
3965,9
3966,5
3967,6
3968,5
3969,11
3970,8
3971,12
3972,8
3973,9
3974,6
3975,5
3976,7
3977,3
3978,3
3979,9
3980,4
3981,9
3982,5
3983,6
3984,6
3985,6
3986,5
3987,14
3988,13
3989,3
3990,5
3991,6
3992,5
3993,4
3994,9
3995,13
3996,7
3997,5
3998,9
3999,8
4000,8
4001,12
4002,4
4003,5
4004,8
4005,5
4006,8
4007,6
4008,7
4009,4
4010,5
4011,11
4012,4
4013,11
4014,7
4015,7
4016,11
4017,12
4018,12
4019,10
4020,5
4021,4
4022,10
4023,6
4024,5
4025,4
4026,7
4027,7
4028,12
4029,7
4030,3
4031,8
4032,5
4033,4
4034,4
4035,7
4036,4
4037,3
4038,10
4039,10
4040,3
4041,6
4042,9
4043,7
4044,4
4045,5
4046,6
4047,2
4048,4
4049,5
4050,10
4051,10
4052,5
4053,9
4054,3
4055,6
4056,12
4057,5
4058,11
4059,3
4060,6
4061,6
4062,6
4063,8
4064,6
4065,8
4066,8
4067,6
4068,5
4069,5
4070,10
4071,9
4072,13
4073,13
4074,11
4075,9
4076,6
4077,7
4078,4
4079,7
4080,8
4081,7
4082,7
4083,11
4084,1
4085,4
4086,4
4087,3
4088,9
4089,6
4090,9
4091,5
4092,8
4093,9
4094,8
4095,3
4096,4
4097,3
4098,7
4099,7
4100,6
4101,4
4102,11
4103,11
4104,7
4105,6
4106,10
4107,4
4108,4
4109,8
4110,2
4111,9
4112,7
4113,8
4114,9
4115,8
4116,12
4117,4
4118,8
4119,8
4120,5
4121,9
4122,4
4123,8
4124,6
4125,3
4126,6
4127,4
4128,13
4129,4
4130,11
4131,9
4132,8
4133,3
4134,5
4135,10
4136,6
4137,6
4138,4
4139,2
4140,2
4141,11
4142,12
4143,4
4144,8
4145,5
4146,8
4147,7
4148,5
4149,6
4150,11
4151,4
4152,6
4153,7
4154,4
4155,6
4156,3
4157,12
4158,6
4159,8
4160,7
4161,7
4162,4
4163,6
4164,6
4165,7
4166,7
4167,8
4168,7
4169,6
4170,4
4171,13
4172,4
4173,5
4174,7
4175,10
4176,3
4177,11
4178,9
4179,4
4180,8
4181,8
4182,7
4183,4
4184,5
4185,3
4186,10
4187,7
4188,5
4189,7
4190,4
4191,6
4192,6
4193,7
4194,7
4195,11
4196,12
4197,5
4198,10
4199,7
4200,5
4201,8
4202,7
4203,4
4204,5
4205,6
4206,7
4207,5
4208,7
4209,5
4210,7
4211,3
4212,3
4213,4
4214,6
4215,10
4216,4
4217,4
4218,4
4219,6
4220,9
4221,3
4222,7
4223,5
4224,7
4225,9
4226,2
4227,4
4228,4
4229,2
4230,9
4231,6
4232,13
4233,3
4234,5
4235,6
4236,8
4237,7
4238,3
4239,1
4240,7
4241,7
4242,2
4243,10
4244,1
4245,2
4246,6
4247,6
4248,8
4249,6
4250,3
4252,3
4253,7
4254,4
4255,7
4256,5
4257,6
4258,6
4259,8
4260,14
4261,5
4262,9
4263,4
4264,10
4265,10
4266,7
4267,5
4268,6
4269,7
4270,5
4271,6
4272,6
4273,9
4274,4
4275,12
4276,6
4277,5
4278,5
4279,6
4280,6
4281,4
4282,9
4283,1
4284,9
4285,12
4286,5
4287,5
4288,6
4289,10
4290,10
4291,7
4292,7
4293,7
4294,2
4295,13
4296,9
4297,8
4298,8
4299,4
4300,5
4301,10
4302,6
4303,4
4304,5
4305,5
4306,9
4307,6
4308,5
4309,10
4310,8
4311,7
4312,5
4313,6
4314,9
4315,6
4316,6
4317,7
4318,6
4319,5
4320,5
4321,8
4322,6
4323,6
4324,2
4325,7
4326,5
4327,4
4328,6
4329,9
4330,6
4331,4
4332,6
4333,9
4334,6
4335,3
4336,10
4337,1
4338,7
4339,5
4340,5
4341,7
4342,4
4343,4
4344,10
4345,7
4346,10
4347,6
4348,6
4349,3
4350,7
4351,3
4352,5
4353,9
4354,10
4355,8
4356,5
4357,6
4358,3
4359,3
4360,1
4361,4
4362,3
4363,10
4364,4
4365,5
4366,9
4367,10
4368,5
4369,5
4370,5
4371,2
4372,4
4373,6
4374,8
4375,6
4376,4
4377,6
4378,8
4379,4
4380,14
4381,5
4382,8
4383,7
4384,7
4385,3
4386,5
4387,7
4388,5
4389,7
4390,7
4391,10
4392,8
4393,8
4394,5
4395,5
4396,6
4397,9
4398,8
4399,9
4400,4
4401,1
4402,10
4403,7
4404,10
4405,6
4406,4
4407,2
4408,6
4409,4
4410,13
4411,7
4412,8
4413,4
4414,3
4415,10
4416,10
4417,1
4418,5
4419,5
4420,6
4421,5
4422,4
4423,6
4424,7
4425,2
4426,4
4427,6
4428,5
4429,6
4430,6
4431,5
4432,11
4433,8
4434,7
4435,8
4436,5
4437,6
4438,2
4439,7
4440,10
4441,9
4442,8
4443,8
4444,8
4445,10
4446,6
4447,5
4448,11
4449,7
4450,6
4451,6
4452,2
4453,1
4454,2
4455,5
4456,5
4457,5
4458,5
4459,4
4460,5
4461,4
4462,5
4463,5
4464,2
4465,4
4466,6
4467,4
4468,7
4469,5
4470,10
4471,5
4472,4
4473,4
4474,10
4475,3
4476,7
4477,4
4478,4
4479,4
4480,8
4481,1
4482,11
4483,3
4484,8
4485,3
4486,6
4487,5
4488,3
4489,9
4490,1
4491,6
4492,3
4493,7
4494,7
4495,5
4496,5
4497,8
4498,7
4499,6
4500,5
4501,4
4502,5
4503,7
4504,6
4505,5
4506,4
4507,1
4508,8
4509,3
4510,5
4511,5
4512,9
4513,4
4514,5
4515,6
4516,4
4517,4
4518,9
4519,7
4520,8
4521,3
4522,7
4523,8
4524,1
4525,7
4526,3
4527,3
4528,8
4529,10
4530,2
4531,3
4532,3
4533,2
4534,5
4535,5
4536,7
4537,7
4538,8
4539,6
4540,5
4541,3
4542,3
4543,7
4544,6
4545,2
4546,5
4547,6
4548,6
4549,3
4550,3
4551,5
4552,9
4553,9
4554,5
4555,4
4556,7
4557,11
4558,6
4559,6
4560,5
4561,10
4562,5
4563,1
4564,8
4565,7
4566,7
4567,8
4568,7
4569,3
4570,6
4571,4
4572,7
4573,6
4574,3
4575,8
4576,3
4577,5
4578,8
4579,6
4580,3
4581,6
4582,5
4583,7
4584,4
4585,8
4586,8
4587,5
4588,3
4589,7
4590,11
4591,3
4592,5
4593,2
4594,7
4595,8
4596,5
4597,3
4598,7
4599,10
4600,8
4601,2
4602,11
4603,9
4604,5
4605,6
4606,3
4607,11
4608,8
4609,5
4610,9
4611,4
4612,7
4613,1
4614,4
4615,7
4616,8
4617,3
4618,7
4619,13
4620,9
4621,8
4622,8
4623,9
4624,5
4625,4
4626,4
4627,4
4628,11
4629,10
4630,7
4631,4
4632,6
4633,5
4634,4
4635,8
4636,9
4637,3
4638,3
4639,7
4640,11
4641,8
4642,3
4643,6
4644,8
4645,7
4646,8
4647,7
4648,7
4649,7
4650,6
4651,3
4652,4
4653,4
4654,5
4655,4
4656,3
4657,7
4658,5
4659,1
4660,6
4661,8
4662,9
4663,4
4664,4
4665,3
4666,3
4667,4
4668,6
4669,6
4670,8
4671,3
4672,7
4673,5
4674,6
4675,6
4676,5
4677,9
4678,3
4679,8
4680,8
4681,4
4682,9
4683,8
4684,7
4685,12
4686,8
4687,5
4688,9
4689,1
4690,9
4691,9
4692,5
4693,6
4694,5
4695,8
4696,3
4697,6
4698,9
4699,7
4700,7
4701,7
4702,6
4703,8
4704,4
4705,4
4706,3
4707,7
4708,4
4709,8
4710,6
4711,7
4712,10
4713,6
4714,5
4715,5
4716,3
4717,3
4718,5
4719,9
4720,5
4721,9
4722,8
4723,7
4724,2
4725,7
4726,6
4727,6
4728,4
4729,7
4730,1
4731,6
4732,8
4733,5
4734,7
4735,4
4736,5
4737,7
4738,5
4739,8
4740,10
4741,12
4742,9
4743,7
4744,4
4745,6
4746,5
4747,5
4748,7
4749,5
4750,1
4751,8
4752,2
4753,6
4754,7
4755,4
4756,7
4757,5
4758,10
4759,7
4760,7
4761,7
4762,8
4763,6
4764,7
4765,5
4766,2
4767,5
4768,7
4769,1
4770,3
4771,5
4772,8
4773,5
4774,3
4775,6
4776,3
4777,5
4778,4
4779,6
4780,2
4781,4
4782,4
4783,4
4784,1
4785,7
4786,3
4787,4
4788,11
4789,4
4790,7
4791,4
4792,6
4793,9
4794,5
4795,4
4796,5
4797,7
4798,7
4799,2
4800,4
4801,7
4802,2
4803,6
4804,3
4805,4
4806,8
4807,4
4808,7
4809,3
4810,8
4811,3
4812,6
4813,5
4814,7
4815,7
4816,5
4817,8
4818,5
4819,3
4820,5
4821,3
4822,5
4823,3
4824,4
4825,4
4826,2
4827,3
4828,3
4829,4
4830,3
4831,9
4832,8
4833,3
4834,8
4835,4
4836,5
4837,5
4838,8
4839,2
4840,6
4841,1
4842,4
4843,8
4844,8
4845,4
4846,8
4847,4
4848,1
4849,6
4850,3
4851,3
4852,8
4853,10
4854,11
4855,2
4856,6
4857,7
4858,8
4859,3
4860,4
4861,5
4862,2
4863,4
4864,6
4865,5
4866,1
4867,6
4868,1
4869,3
4870,4
4871,3
4872,4
4873,10
4874,10
4875,6
4876,10
4877,4
4878,9
4879,7
4880,3
4881,5
4882,3
4883,8
4884,4
4885,11
4886,3
4887,3
4888,4
4889,6
4890,4
4891,6
4892,4
4893,4
4894,6
4895,7
4896,6
4897,8
4898,5
4899,5
4900,3
4901,3
4902,7
4903,4
4904,4
4905,10
4906,5
4907,2
4908,5
4909,6
4910,5
4911,3
4912,4
4913,4
4914,5
4915,3
4916,3
4917,8
4918,7
4919,2
4920,6
4921,4
4922,7
4923,7
4924,5
4925,5
4926,5
4927,5
4928,5
4929,2
4930,3
4931,5
4932,6
4933,7
4934,1
4935,5
4936,9
4937,2
4938,4
4939,6
4940,3
4941,5
4942,6
4943,7
4944,2
4945,5
4946,6
4947,6
4948,5
4949,3
4950,7
4951,6
4952,9
4953,3
4954,3
4955,7
4956,7
4957,7
4958,6
4959,7
4960,9
4961,5
4962,2
4963,4
4964,4
4965,6
4966,3
4967,4
4968,4
4969,8
4970,5
4971,4
4972,7
4973,3
4974,4
4975,5
4976,8
4977,4
4978,4
4979,3
4980,4
4981,2
4982,3
4983,6
4984,3
4985,3
4986,6
4987,3
4988,6
4989,2
4990,3
4991,9
4992,10
4993,3
4994,3
4995,7
4996,6
4997,5
4998,3
4999,6
5000,4
5001,4
5002,2
5003,5
5004,1
5005,5
5006,4
5007,7
5008,2
5009,4
5010,7
5011,5
5012,1
5013,6
5014,2
5015,5
5016,6
5017,4
5018,6
5019,5
5020,2
5021,4
5022,7
5023,4
5024,6
5025,4
5026,2
5027,5
5028,6
5029,5
5030,7
5031,7
5032,6
5033,5
5034,1
5035,7
5036,3
5037,12
5038,3
5039,5
5040,3
5041,5
5042,3
5043,4
5044,6
5045,3
5046,3
5047,4
5048,5
5049,5
5050,5
5051,4
5052,2
5053,7
5054,6
5055,5
5056,6
5057,6
5058,6
5059,2
5060,3
5061,4
5062,5
5063,1
5064,11
5065,2
5066,4
5067,2
5068,5
5069,5
5070,4
5071,4
5072,7
5073,3
5074,6
5075,3
5076,5
5078,2
5079,2
5080,1
5081,2
5082,4
5083,7
5084,8
5085,3
5086,3
5087,8
5088,3
5089,4
5090,8
5091,4
5092,3
5093,5
5094,7
5095,5
5096,5
5097,3
5098,2
5099,3
5100,1
5101,3
5102,3
5103,7
5104,3
5105,4
5106,3
5107,4
5108,3
5109,5
5110,4
5111,3
5112,3
5114,5
5115,6
5116,5
5117,1
5118,4
5119,3
5120,1
5121,1
5122,4
5123,5
5124,4
5125,3
5126,3
5127,5
5128,2
5129,2
5130,4
5131,3
5132,3
5133,3
5134,2
5135,2
5136,6
5137,3
5138,3
5139,4
5140,7
5141,3
5142,2
5143,5
5144,4
5145,3
5146,7
5147,2
5148,5
5149,5
5150,6
5151,2
5152,5
5153,8
5154,6
5155,7
5156,3
5157,5
5158,4
5159,2
5160,2
5161,6
5162,4
5163,6
5164,5
5165,4
5166,4
5167,5
5168,4
5169,2
5170,2
5171,3
5172,3
5173,7
5174,1
5175,2
5176,3
5177,5
5178,5
5179,7
5180,3
5181,7
5182,4
5183,2
5184,4
5185,3
5186,1
5187,3
5188,7
5189,6
5190,4
5191,1
5192,4
5193,5
5194,10
5195,4
5196,2
5197,2
5198,2
5199,1
5200,5
5201,2
5202,5
5203,2
5204,8
5205,6
5206,5
5207,6
5208,2
5209,2
5210,3
5211,6
5212,4
5213,4
5214,3
5215,7
5216,3
5217,5
5218,3
5219,3
5220,4
5221,4
5222,7
5223,2
5224,3
5225,2
5226,3
5227,5
5228,1
5229,7
5230,7
5231,2
5232,4
5233,7
5234,6
5235,4
5236,1
5237,4
5238,2
5239,2
5240,1
5241,7
5242,5
5243,5
5244,4
5245,4
5246,5
5247,2
5248,4
5249,7
5250,5
5251,2
5252,4
5253,8
5254,5
5255,1
5256,8
5257,4
5258,3
5259,3
5260,4
5262,6
5263,2
5264,5
5265,4
5266,5
5267,4
5268,5
5269,3
5270,6
5271,2
5272,2
5273,6
5274,3
5275,6
5276,5
5277,4
5278,7
5279,2
5280,4
5281,3
5282,9
5283,3
5284,5
5285,10
5286,8
5287,5
5288,4
5289,5
5290,5
5291,4
5292,5
5293,5
5294,4
5295,4
5296,4
5297,9
5298,2
5299,4
5300,4
5301,2
5302,6
5303,7
5304,2
5305,1
5306,4
5307,7
5309,6
5310,2
5311,1
5312,7
5313,4
5314,6
5315,4
5316,5
5317,5
5318,7
5319,3
5320,6
5321,5
5322,5
5323,3
5324,3
5325,5
5327,5
5328,3
5329,4
5330,1
5331,6
5332,5
5333,2
5334,5
5335,7
5336,3
5337,5
5338,6
5339,3
5340,1
5341,5
5342,2
5343,3
5344,3
5345,7
5346,4
5347,2
5348,7
5349,5
5350,8
5351,2
5352,2
5353,4
5354,3
5355,3
5356,4
5357,2
5358,2
5359,4
5360,3
5361,3
5362,4
5363,2
5364,4
5365,4
5366,5
5367,2
5368,2
5369,8
5370,3
5371,5
5372,9
5373,1
5374,5
5375,3
5376,7
5377,3
5378,7
5379,2
5380,4
5381,6
5382,5
5383,3
5384,2
5385,6
5386,2
5387,2
5388,5
5389,6
5390,7
5391,4
5392,7
5393,4
5394,6
5396,6
5397,3
5398,3
5399,5
5400,4
5401,2
5402,2
5403,6
5404,3
5405,5
5406,5
5407,5
5408,4
5409,1
5410,2
5412,6
5413,4
5414,3
5415,7
5416,6
5417,5
5418,6
5419,9
5420,4
5421,1
5422,4
5423,7
5424,3
5425,1
5426,6
5427,7
5428,3
5429,3
5430,1
5431,4
5432,2
5434,2
5435,8
5436,1
5437,4
5438,7
5439,4
5440,2
5441,3
5442,7
5443,7
5444,1
5445,1
5446,5
5447,3
5448,4
5449,5
5450,3
5451,5
5452,5
5453,2
5454,4
5455,2
5456,7
5457,3
5458,1
5459,4
5460,4
5461,1
5462,7
5463,3
5464,5
5465,1
5466,7
5467,4
5468,1
5469,4
5470,3
5471,2
5472,4
5473,5
5474,4
5475,4
5476,5
5477,4
5478,5
5479,5
5480,5
5481,4
5482,3
5483,4
5484,3
5485,3
5486,2
5487,4
5488,7
5489,6
5490,3
5492,6
5493,6
5494,4
5495,4
5496,3
5497,7
5498,4
5499,2
5500,4
5501,7
5502,5
5503,5
5504,1
5505,3
5506,2
5507,2
5508,7
5509,2
5510,1
5511,3
5512,6
5513,5
5514,5
5515,5
5516,5
5517,1
5518,5
5519,5
5520,2
5521,3
5522,7
5523,3
5524,8
5525,1
5526,5
5527,2
5529,2
5530,6
5531,7
5532,2
5533,4
5534,2
5535,3
5536,4
5537,2
5538,2
5539,4
5540,3
5541,3
5542,4
5543,6
5544,2
5545,3
5546,1
5547,4
5548,4
5549,3
5550,2
5551,6
5552,1
5553,10
5554,4
5555,4
5556,7
5557,3
5558,2
5559,2
5560,3
5561,5
5562,2
5563,1
5564,2
5565,3
5566,4
5567,5
5568,6
5569,8
5570,2
5571,4
5572,5
5574,2
5575,1
5576,7
5577,5
5578,4
5579,2
5580,6
5581,6
5582,6
5583,3
5584,1
5585,4
5586,4
5587,1
5588,3
5589,6
5590,2
5591,4
5592,5
5593,4
5594,4
5595,5
5596,2
5597,3
5598,5
5599,4
5600,4
5601,4
5602,4
5603,4
5604,3
5605,7
5606,7
5607,2
5608,4
5609,5
5610,5
5611,1
5612,1
5613,7
5614,5
5615,6
5616,4
5617,4
5618,7
5619,2
5620,3
5621,4
5622,4
5623,8
5624,2
5625,6
5626,4
5627,4
5628,3
5629,4
5630,2
5631,4
5632,2
5633,6
5634,1
5635,2
5636,3
5637,2
5638,5
5639,4
5640,3
5641,3
5642,5
5643,4
5644,2
5645,5
5646,1
5647,4
5648,4
5649,4
5650,4
5651,1
5652,3
5653,4
5654,3
5655,3
5656,1
5657,4
5658,4
5659,3
5660,5
5661,3
5662,4
5663,4
5664,4
5665,3
5666,3
5667,5
5668,5
5669,1
5670,5
5671,5
5672,4
5673,12
5674,4
5675,2
5676,6
5678,4
5679,5
5680,3
5681,6
5682,5
5683,4
5684,2
5685,1
5686,1
5687,2
5688,5
5689,2
5690,4
5691,4
5692,3
5693,5
5694,5
5695,1
5696,6
5697,3
5698,3
5699,3
5700,4
5701,2
5702,5
5704,3
5705,5
5706,5
5707,3
5708,7
5709,3
5710,3
5711,2
5712,5
5713,6
5714,6
5715,3
5716,3
5717,9
5718,3
5719,2
5720,3
5721,1
5722,7
5723,5
5724,2
5725,5
5726,7
5727,4
5728,4
5729,3
5730,1
5731,2
5732,6
5733,5
5734,4
5735,4
5736,3
5737,3
5738,5
5739,3
5740,3
5741,3
5742,3
5743,1
5744,2
5745,2
5746,4
5747,6
5749,6
5750,3
5752,3
5753,6
5755,1
5756,6
5757,9
5758,2
5759,6
5760,3
5761,2
5762,3
5763,2
5764,2
5765,4
5766,3
5767,1
5768,2
5769,1
5770,4
5771,1
5772,4
5773,4
5774,7
5776,4
5777,3
5778,2
5779,2
5780,1
5781,2
5782,3
5783,1
5784,4
5785,4
5786,4
5787,4
5789,9
5790,6
5791,4
5792,4
5793,5
5794,4
5795,2
5796,4
5797,3
5798,3
5799,1
5800,1
5801,3
5802,3
5803,3
5804,3
5805,4
5806,4
5807,3
5808,5
5809,3
5810,5
5811,3
5812,5
5813,2
5814,2
5815,6
5816,4
5817,4
5818,3
5819,5
5820,4
5821,3
5822,4
5823,2
5824,1
5825,6
5826,4
5827,2
5828,3
5829,5
5830,7
5831,6
5832,5
5833,2
5834,4
5835,6
5836,3
5837,2
5838,2
5839,4
5840,9
5841,6
5842,5
5843,5
5844,4
5845,5
5846,3
5847,5
5848,3
5849,3
5850,1
5851,1
5852,2
5853,6
5854,2
5855,5
5857,1
5858,4
5859,2
5860,3
5861,7
5862,4
5863,3
5864,5
5865,6
5866,2
5867,3
5868,2
5869,3
5870,1
5871,2
5872,5
5873,1
5874,4
5875,1
5876,1
5877,6
5878,2
5879,1
5880,3
5881,4
5882,2
5883,3
5884,7
5885,2
5886,2
5887,5
5888,2
5889,3
5890,3
5891,4
5892,4
5893,2
5894,2
5895,1
5896,1
5897,2
5898,5
5899,1
5900,4
5901,2
5902,1
5903,3
5904,3
5905,3
5906,3
5907,3
5908,3
5910,3
5911,5
5912,7
5913,5
5914,1
5915,2
5916,4
5917,6
5918,5
5919,5
5920,4
5921,6
5923,2
5925,3
5926,2
5927,5
5928,6
5929,3
5930,1
5932,1
5933,4
5934,2
5935,6
5936,3
5937,2
5938,2
5939,3
5940,3
5941,4
5942,2
5943,2
5944,3
5945,1
5946,1
5947,5
5948,2
5949,3
5950,3
5951,5
5952,3
5953,6
5954,6
5955,5
5956,4
5957,6
5958,4
5959,2
5960,6
5961,6
5962,2
5963,4
5964,5
5965,2
5967,3
5968,3
5969,1
5970,1
5971,2
5972,2
5973,3
5974,4
5975,4
5976,4
5977,4
5978,4
5979,3
5981,2
5982,5
5983,2
5984,7
5985,3
5986,3
5987,5
5988,3
5989,3
5990,2
5991,8
5992,2
5993,2
5994,3
5995,4
5996,8
5997,3
5998,6
5999,5
6000,1
6001,2
6002,1
6003,6
6004,3
6005,3
6006,1
6007,1
6008,7
6009,4
6010,5
6011,6
6012,2
6013,5
6014,2
6015,8
6016,5
6017,2
6018,2
6019,2
6020,4
6021,3
6022,2
6023,5
6024,4
6026,3
6028,3
6029,5
6030,5
6031,2
6032,4
6033,4
6034,2
6035,4
6036,5
6037,3
6038,4
6039,1
6040,2
6041,3
6042,3
6043,5
6044,1
6045,1
6046,5
6047,2
6048,5
6049,8
6050,3
6051,8
6052,3
6053,6
6054,5
6055,3
6056,3
6057,4
6058,4
6059,7
6060,2
6063,5
6064,5
6065,8
6067,5
6068,2
6069,3
6070,3
6071,2
6072,4
6073,3
6074,1
6075,2
6076,6
6077,3
6079,4
6080,6
6081,1
6082,1
6083,1
6084,5
6085,1
6086,4
6087,2
6088,3
6089,3
6090,7
6091,1
6092,3
6093,5
6094,4
6095,6
6096,4
6097,2
6099,4
6101,2
6102,2
6103,2
6104,3
6105,2
6106,4
6107,1
6108,6
6109,3
6110,3
6111,5
6112,1
6113,3
6114,3
6115,6
6116,1
6117,2
6118,3
6119,3
6120,1
6121,4
6122,4
6123,5
6124,2
6125,4
6126,2
6127,3
6128,1
6129,6
6130,3
6132,1
6133,1
6134,3
6135,5
6136,4
6137,1
6138,5
6139,1
6140,3
6141,3
6142,5
6143,6
6144,8
6145,3
6146,3
6147,3
6148,3
6149,6
6150,6
6151,5
6152,3
6153,4
6154,3
6155,2
6156,5
6157,3
6158,3
6159,1
6160,2
6161,2
6162,3
6163,3
6164,4
6165,4
6166,4
6167,3
6168,7
6170,2
6171,3
6172,2
6173,6
6174,3
6175,1
6176,3
6178,2
6179,2
6180,6
6181,2
6182,2
6183,1
6184,2
6185,2
6186,2
6187,2
6188,3
6189,5
6190,4
6191,1
6192,2
6193,2
6194,1
6195,3
6196,5
6197,2
6198,3
6199,2
6200,2
6201,5
6202,7
6203,5
6204,1
6205,4
6206,3
6207,6
6208,2
6209,5
6210,2
6211,2
6212,1
6213,1
6215,1
6216,6
6217,7
6218,5
6220,2
6221,1
6222,2
6223,5
6224,3
6225,1
6226,3
6227,4
6228,4
6229,5
6230,4
6231,2
6232,3
6233,4
6234,1
6235,3
6236,2
6237,3
6238,5
6239,10
6240,3
6241,3
6242,1
6243,1
6244,4
6245,1
6246,2
6247,3
6248,4
6249,6
6250,6
6251,4
6252,4
6253,2
6254,2
6255,6
6256,4
6257,2
6258,1
6259,2
6260,2
6261,4
6262,2
6263,5
6264,3
6265,6
6266,2
6267,8
6269,1
6270,5
6271,3
6272,1
6273,2
6274,4
6275,9
6276,3
6277,3
6278,4
6279,3
6280,2
6281,1
6282,4
6283,6
6284,2
6286,4
6287,3
6288,2
6289,3
6290,2
6291,2
6292,1
6293,3
6294,1
6295,3
6296,4
6297,1
6298,2
6299,4
6300,10
6301,2
6302,4
6303,3
6304,3
6305,5
6307,8
6308,2
6309,3
6310,6
6311,5
6312,4
6313,6
6314,1
6315,1
6317,3
6318,2
6319,1
6320,4
6321,1
6322,1
6323,3
6324,2
6325,3
6326,2
6327,2
6328,1
6329,2
6330,3
6331,2
6332,2
6333,5
6334,3
6336,3
6337,6
6338,4
6339,2
6341,3
6342,1
6343,4
6344,4
6345,5
6346,1
6347,3
6348,2
6349,6
6350,4
6351,5
6352,5
6353,2
6355,1
6356,1
6357,2
6358,2
6359,3
6360,3
6361,3
6362,5
6363,3
6364,3
6365,4
6366,4
6367,5
6368,1
6370,3
6371,3
6372,6
6374,1
6375,5
6376,1
6377,3
6378,3
6379,2
6380,7
6381,1
6382,3
6383,2
6385,2
6386,4
6387,2
6389,4
6390,4
6391,1
6392,3
6393,3
6394,3
6395,2
6396,4
6397,8
6398,4
6399,3
6400,8
6401,4
6402,2
6403,3
6404,4
6405,2
6406,3
6407,2
6408,3
6409,3
6410,2
6411,1
6412,3
6413,5
6414,3
6415,4
6416,4
6417,3
6418,1
6419,2
6420,2
6421,4
6422,3
6423,6
6424,7
6426,2
6427,3
6428,2
6429,3
6430,1
6431,1
6432,7
6433,3
6434,1
6435,3
6437,3
6438,1
6439,1
6440,6
6441,1
6442,1
6443,4
6444,4
6445,2
6446,4
6447,1
6449,2
6450,1
6451,1
6452,2
6454,1
6455,5
6456,2
6457,2
6458,3
6459,4
6460,4
6461,2
6462,1
6463,3
6464,1
6465,2
6466,3
6467,1
6468,6
6470,5
6472,3
6473,5
6474,4
6475,6
6476,6
6477,4
6478,3
6479,5
6481,5
6482,4
6483,1
6484,4
6485,2
6486,2
6487,2
6488,2
6489,3
6491,5
6492,2
6493,1
6494,2
6495,2
6496,1
6497,5
6498,3
6499,6
6501,3
6502,1
6503,3
6504,4
6505,2
6506,3
6507,6
6508,1
6509,1
6510,4
6511,5
6512,5
6513,2
6514,2
6515,2
6517,5
6518,1
6519,1
6520,2
6521,3
6522,2
6523,5
6524,3
6525,3
6526,2
6527,3
6528,2
6529,4
6530,2
6531,3
6532,1
6533,4
6534,1
6535,4
6536,2
6537,3
6538,1
6539,2
6540,4
6541,1
6542,5
6543,2
6544,4
6545,5
6546,2
6547,3
6548,2
6549,2
6550,3
6551,4
6552,4
6553,1
6554,6
6555,2
6556,3
6557,2
6558,6
6559,2
6560,1
6561,4
6562,2
6563,2
6564,4
6565,3
6566,1
6568,1
6569,2
6570,2
6571,2
6572,3
6573,5
6574,2
6575,2
6576,1
6577,1
6578,2
6579,2
6580,2
6581,1
6582,2
6583,3
6584,1
6585,2
6586,3
6587,5
6588,4
6589,1
6590,2
6591,1
6592,3
6593,5
6594,4
6595,4
6596,3
6597,1
6598,1
6599,3
6600,2
6603,1
6604,7
6605,1
6606,2
6607,3
6608,2
6609,4
6610,3
6611,4
6613,1
6614,3
6615,2
6616,4
6617,1
6618,1
6619,1
6620,5
6621,1
6623,1
6624,3
6625,6
6627,2
6628,2
6629,4
6630,2
6631,1
6632,2
6633,2
6634,1
6635,1
6637,1
6638,2
6639,2
6640,2
6642,3
6643,2
6644,3
6645,4
6646,6
6647,2
6648,5
6649,2
6651,6
6652,5
6653,2
6654,1
6655,1
6657,2
6658,1
6659,2
6660,5
6662,1
6663,1
6665,3
6666,2
6667,1
6668,4
6669,3
6670,6
6671,6
6672,1
6673,1
6674,4
6675,3
6676,4
6677,3
6678,3
6679,5
6680,2
6681,2
6682,1
6683,2
6684,3
6685,2
6686,4
6687,2
6688,1
6689,3
6690,3
6691,2
6692,1
6693,2
6694,1
6695,6
6696,1
6697,3
6698,1
6699,2
6700,5
6702,1
6703,2
6704,2
6705,1
6706,3
6707,1
6708,3
6710,4
6711,1
6712,1
6713,3
6714,2
6716,1
6717,1
6718,2
6719,4
6720,2
6721,2
6722,3
6723,2
6724,3
6726,1
6727,3
6728,3
6729,1
6730,4
6731,5
6732,2
6733,2
6734,4
6735,2
6736,5
6737,3
6738,2
6739,4
6740,2
6741,1
6742,3
6743,3
6744,6
6745,6
6746,5
6747,2
6748,3
6749,3
6750,2
6751,3
6752,4
6753,2
6754,3
6755,1
6756,3
6757,4
6759,4
6760,2
6761,2
6762,1
6763,5
6764,1
6765,2
6766,3
6767,4
6768,3
6769,1
6770,2
6771,2
6772,4
6774,3
6776,3
6777,2
6778,2
6779,2
6780,3
6781,4
6782,1
6783,2
6784,5
6785,4
6786,3
6787,2
6788,2
6789,1
6790,3
6792,3
6793,1
6795,3
6796,2
6799,6
6800,1
6802,1
6803,2
6804,3
6805,2
6806,2
6807,1
6808,1
6809,2
6811,3
6812,2
6813,2
6816,2
6817,1
6818,6
6819,2
6820,2
6822,3
6823,3
6824,2
6825,1
6826,3
6827,2
6828,1
6829,4
6830,2
6831,1
6832,1
6833,1
6834,6
6835,4
6836,3
6837,2
6839,1
6840,2
6841,2
6842,2
6843,5
6844,4
6845,3
6846,3
6847,2
6848,4
6849,6
6850,1
6851,3
6853,2
6854,1
6855,1
6856,1
6857,3
6858,3
6859,4
6861,6
6862,2
6863,1
6864,2
6865,4
6866,2
6867,3
6868,4
6869,3
6870,2
6871,4
6872,3
6873,2
6874,3
6875,2
6876,1
6878,1
6879,2
6880,4
6881,1
6882,2
6883,5
6884,1
6886,1
6887,5
6888,1
6889,4
6891,2
6893,2
6894,1
6895,5
6896,1
6897,3
6898,3
6899,3
6900,3
6902,2
6903,3
6905,2
6906,4
6907,2
6908,2
6909,2
6910,1
6911,1
6912,4
6913,1
6914,2
6915,2
6918,2
6921,1
6922,2
6923,2
6924,1
6925,3
6926,2
6927,1
6928,2
6929,2
6930,3
6932,2
6934,2
6936,3
6938,1
6939,3
6941,2
6942,2
6943,3
6944,3
6945,2
6946,3
6947,2
6948,2
6950,1
6951,3
6952,1
6953,2
6954,2
6955,2
6956,1
6958,4
6959,1
6960,1
6961,1
6962,2
6964,2
6965,1
6966,1
6967,2
6968,4
6969,1
6970,1
6971,1
6972,2
6973,4
6974,1
6975,2
6976,2
6979,5
6980,1
6981,3
6982,2
6983,3
6984,1
6985,4
6986,3
6988,3
6989,1
6990,3
6991,3
6992,2
6993,4
6995,2
6998,2
6999,2
7000,1
7001,2
7002,4
7003,2
7004,1
7005,1
7006,3
7007,2
7008,1
7009,3
7010,2
7011,4
7012,2
7013,1
7014,1
7015,3
7016,2
7017,2
7018,1
7019,4
7020,2
7021,1
7022,2
7023,4
7024,2
7025,4
7026,2
7027,3
7028,2
7029,1
7030,5
7031,6
7032,4
7033,3
7034,6
7035,2
7036,4
7037,1
7038,2
7039,3
7040,2
7041,2
7043,2
7044,1
7045,2
7046,5
7047,2
7048,4
7049,2
7050,4
7051,2
7053,3
7055,2
7056,1
7058,4
7060,2
7061,6
7062,2
7063,1
7064,6
7065,4
7066,1
7067,1
7068,1
7069,1
7070,1
7071,2
7072,1
7074,2
7075,2
7076,2
7077,6
7078,2
7079,1
7080,2
7081,2
7083,3
7084,2
7085,3
7086,5
7088,1
7089,2
7090,2
7092,2
7093,1
7094,1
7096,2
7097,1
7099,2
7101,1
7102,1
7103,2
7104,2
7105,1
7108,3
7109,1
7111,2
7112,1
7114,3
7115,4
7116,1
7117,1
7119,1
7120,1
7122,1
7123,1
7126,2
7127,3
7128,1
7130,1
7131,4
7132,1
7133,3
7134,3
7136,4
7138,3
7139,2
7140,3
7141,2
7142,2
7144,2
7145,2
7146,1
7147,2
7148,2
7149,2
7150,2
7151,5
7152,1
7153,2
7154,3
7155,1
7157,2
7158,3
7159,1
7160,1
7161,2
7162,3
7163,4
7165,2
7169,1
7170,6
7171,3
7172,3
7173,1
7174,1
7175,1
7177,1
7178,1
7179,1
7181,1
7182,3
7183,4
7184,1
7187,2
7189,1
7190,2
7191,1
7193,3
7194,3
7195,2
7196,1
7197,1
7198,1
7199,1
7202,1
7203,1
7204,3
7205,2
7206,2
7207,1
7208,2
7210,1
7212,1
7213,2
7214,2
7215,4
7216,2
7217,2
7218,3
7220,1
7221,1
7222,1
7223,1
7224,3
7225,5
7226,2
7227,1
7228,2
7229,2
7231,4
7233,3
7236,3
7237,1
7239,1
7242,2
7243,2
7244,3
7245,4
7246,2
7247,1
7248,1
7249,1
7250,2
7251,1
7252,1
7254,1
7255,2
7256,2
7257,2
7258,4
7259,4
7261,3
7262,1
7264,1
7265,1
7266,3
7267,1
7268,3
7270,3
7272,3
7273,1
7274,1
7275,2
7276,3
7277,2
7279,2
7281,2
7282,3
7283,1
7285,1
7286,1
7287,3
7289,2
7290,1
7292,3
7293,2
7294,1
7295,1
7296,1
7297,2
7299,4
7300,1
7301,3
7302,2
7303,1
7304,1
7305,3
7306,2
7307,4
7308,1
7310,2
7311,2
7312,4
7314,2
7315,3
7316,2
7317,2
7318,2
7319,3
7320,2
7321,2
7322,1
7323,5
7324,1
7325,1
7327,3
7328,1
7330,2
7331,2
7332,1
7333,2
7334,3
7335,1
7336,1
7338,1
7339,3
7341,3
7342,1
7343,2
7344,1
7345,3
7346,1
7347,2
7348,1
7350,2
7352,1
7353,1
7355,1
7356,2
7357,6
7360,3
7362,3
7363,2
7364,3
7366,4
7367,1
7368,1
7369,1
7370,1
7371,4
7372,2
7373,3
7374,4
7375,4
7377,3
7378,3
7379,1
7380,1
7381,2
7382,2
7383,1
7385,2
7386,1
7387,1
7390,1
7391,4
7392,3
7393,1
7394,1
7395,2
7396,4
7398,5
7399,1
7400,2
7401,2
7402,5
7403,1
7404,1
7407,2
7408,2
7409,1
7411,1
7412,2
7413,3
7414,3
7415,2
7416,1
7417,1
7418,1
7419,2
7420,2
7421,1
7422,1
7424,1
7425,3
7426,2
7427,1
7428,1
7429,1
7430,3
7431,1
7432,4
7433,3
7434,1
7435,1
7437,1
7438,1
7440,1
7441,1
7442,2
7443,1
7445,2
7446,2
7447,4
7448,1
7449,1
7451,1
7452,5
7453,3
7454,1
7455,1
7456,3
7458,1
7459,3
7461,1
7463,1
7464,3
7465,2
7466,1
7467,3
7468,3
7469,1
7470,2
7471,3
7472,1
7473,3
7474,1
7476,1
7478,1
7479,2
7480,1
7481,1
7482,2
7483,3
7485,2
7486,1
7487,1
7488,2
7489,5
7490,3
7492,1
7493,1
7494,3
7495,1
7496,2
7497,2
7498,2
7499,1
7500,3
7501,1
7502,2
7503,1
7504,1
7505,3
7507,3
7508,2
7510,3
7512,5
7513,1
7514,3
7515,2
7517,2
7518,1
7521,3
7522,1
7524,2
7526,2
7527,2
7528,1
7529,2
7530,1
7531,3
7532,1
7533,1
7535,1
7536,3
7537,1
7538,1
7539,3
7540,2
7541,2
7543,2
7546,1
7547,2
7550,1
7551,2
7552,3
7553,1
7554,1
7556,1
7558,2
7559,1
7562,3
7563,3
7564,2
7566,1
7568,1
7569,1
7570,1
7571,2
7572,2
7574,1
7575,2
7576,1
7577,3
7578,4
7579,2
7580,1
7581,3
7582,4
7583,4
7586,1
7587,1
7588,2
7589,3
7590,1
7591,1
7593,3
7596,1
7597,2
7599,1
7603,1
7604,2
7605,1
7606,2
7607,3
7608,1
7609,4
7610,2
7611,2
7613,1
7614,1
7616,1
7617,2
7618,1
7619,2
7623,1
7624,1
7626,2
7628,2
7629,1
7631,1
7633,1
7634,1
7635,1
7636,2
7637,1
7638,1
7639,3
7640,2
7641,3
7642,1
7643,2
7645,1
7646,1
7647,2
7648,3
7649,4
7650,1
7651,4
7652,2
7655,3
7657,1
7658,1
7660,2
7661,3
7662,1
7663,2
7665,2
7666,1
7667,3
7668,1
7669,2
7670,3
7672,1
7673,2
7674,2
7676,1
7677,3
7678,1
7679,1
7680,1
7681,3
7684,1
7686,1
7687,1
7688,3
7689,1
7690,3
7691,2
7694,1
7695,2
7697,2
7698,2
7699,1
7700,3
7701,2
7702,2
7703,3
7707,1
7708,2
7709,1
7710,2
7711,2
7712,1
7713,1
7714,3
7715,1
7716,1
7717,4
7718,2
7720,1
7721,2
7722,2
7723,1
7725,1
7726,1
7728,2
7729,1
7730,1
7731,4
7732,1
7733,2
7735,2
7737,2
7739,3
7741,2
7742,1
7744,1
7745,1
7746,1
7747,3
7748,1
7749,3
7750,3
7751,2
7752,2
7756,4
7757,3
7759,1
7760,4
7761,1
7762,2
7767,1
7768,1
7769,1
7770,3
7771,1
7772,1
7774,3
7776,2
7777,1
7778,2
7779,2
7781,2
7782,1
7783,1
7784,5
7785,2
7786,2
7787,3
7789,1
7790,2
7791,2
7792,3
7793,2
7794,1
7795,2
7796,1
7797,1
7799,1
7800,2
7801,2
7802,1
7803,2
7805,2
7806,1
7807,1
7808,2
7809,1
7810,2
7812,1
7813,1
7815,2
7816,3
7819,1
7820,1
7821,1
7823,3
7824,2
7825,2
7826,3
7828,1
7829,1
7830,1
7833,1
7834,2
7835,1
7836,1
7837,4
7838,3
7839,1
7841,1
7842,2
7843,4
7844,2
7846,1
7847,2
7848,3
7849,2
7850,2
7851,9
7852,1
7853,1
7854,3
7856,3
7857,1
7858,2
7859,1
7861,2
7862,3
7863,1
7864,1
7865,1
7866,2
7869,3
7870,1
7871,1
7876,1
7877,1
7878,3
7880,2
7883,2
7884,2
7885,3
7886,1
7887,2
7888,2
7889,3
7890,1
7891,2
7892,1
7893,1
7894,1
7895,1
7896,3
7897,1
7898,2
7900,1
7901,1
7902,1
7904,2
7906,2
7909,1
7911,3
7913,3
7914,2
7915,4
7916,2
7917,2
7918,1
7919,2
7921,3
7922,2
7923,2
7924,1
7926,1
7927,1
7928,1
7929,2
7930,4
7932,1
7933,2
7935,1
7936,1
7937,1
7941,1
7943,1
7946,2
7948,2
7949,3
7952,3
7953,1
7954,2
7955,4
7956,3
7957,1
7958,2
7959,2
7960,1
7962,1
7963,3
7964,1
7965,1
7966,1
7967,2
7970,4
7972,2
7973,2
7974,3
7975,2
7976,1
7978,1
7979,1
7980,1
7981,1
7982,4
7983,1
7984,2
7987,2
7988,3
7989,1
7990,2
7991,4
7992,3
7993,2
7996,2
7997,3
7998,1
7999,4
8000,1
8001,2
8004,1
8005,1
8007,4
8009,1
8010,2
8011,3
8012,1
8013,1
8014,1
8015,2
8016,2
8017,2
8018,2
8019,5
8020,1
8021,2
8023,3
8024,1
8025,2
8026,1
8027,1
8028,1
8029,3
8031,2
8032,2
8034,1
8035,2
8036,1
8037,1
8038,2
8039,2
8040,2
8041,2
8042,2
8043,2
8045,1
8047,2
8048,3
8049,2
8050,3
8052,3
8054,3
8056,1
8057,1
8058,1
8059,1
8061,2
8062,1
8063,2
8064,1
8065,2
8067,5
8068,1
8071,1
8072,2
8073,2
8074,1
8077,1
8078,2
8080,2
8082,3
8084,3
8085,4
8086,3
8087,3
8088,1
8090,1
8091,1
8093,1
8094,2
8095,5
8097,2
8100,1
8101,1
8102,2
8103,3
8104,2
8105,2
8107,1
8108,5
8109,1
8110,2
8111,2
8113,6
8114,2
8115,1
8116,4
8117,2
8118,2
8119,1
8121,1
8122,1
8123,1
8124,3
8127,1
8130,1
8132,1
8134,3
8135,3
8136,2
8138,1
8139,3
8141,2
8142,2
8143,1
8145,2
8146,2
8147,1
8148,2
8149,3
8150,1
8151,1
8152,2
8153,3
8154,1
8155,2
8157,1
8158,1
8159,1
8160,1
8163,2
8164,6
8165,1
8167,1
8168,1
8169,2
8170,1
8171,1
8172,2
8174,2
8175,1
8177,2
8178,1
8179,2
8181,4
8182,2
8183,1
8184,2
8185,1
8186,1
8187,1
8188,1
8189,1
8191,2
8192,2
8193,2
8194,2
8195,2
8197,2
8202,1
8204,2
8205,1
8210,2
8212,2
8213,1
8214,3
8216,3
8217,1
8218,2
8219,2
8220,3
8221,1
8222,3
8223,1
8224,1
8225,1
8227,1
8228,1
8229,1
8230,2
8231,1
8234,4
8235,3
8236,1
8238,2
8239,2
8240,2
8241,2
8242,3
8243,3
8244,2
8245,5
8246,2
8247,4
8248,2
8250,3
8251,2
8252,1
8253,1
8254,1
8255,1
8256,2
8257,1
8258,2
8259,2
8261,4
8262,2
8264,3
8265,1
8266,1
8269,1
8270,1
8271,3
8272,2
8274,2
8275,2
8276,2
8277,1
8278,1
8280,1
8281,4
8283,2
8284,3
8285,2
8287,1
8288,1
8290,3
8291,2
8292,1
8293,1
8294,3
8295,2
8296,1
8299,1
8300,2
8301,2
8302,2
8303,3
8305,1
8307,2
8308,2
8309,1
8310,2
8311,1
8312,2
8314,1
8315,1
8316,1
8317,2
8318,1
8319,1
8320,2
8322,3
8323,1
8324,1
8325,2
8326,1
8327,2
8329,1
8330,1
8332,1
8333,2
8334,2
8335,2
8336,1
8338,2
8339,2
8340,1
8341,3
8342,2
8343,2
8344,2
8345,3
8346,1
8348,1
8349,2
8350,1
8351,2
8352,1
8353,1
8354,1
8355,1
8356,1
8357,1
8358,3
8360,2
8361,2
8362,1
8363,3
8364,1
8366,1
8367,2
8369,2
8371,3
8375,2
8378,2
8379,1
8380,3
8381,1
8382,3
8383,1
8384,3
8386,1
8389,2
8390,3
8391,3
8393,1
8394,1
8395,1
8396,1
8397,2
8398,1
8399,1
8401,2
8402,1
8403,4
8404,2
8405,1
8407,1
8408,2
8409,2
8410,1
8411,1
8412,1
8413,1
8414,2
8416,1
8417,2
8418,1
8420,2
8422,1
8423,2
8424,2
8427,2
8428,1
8432,2
8433,2
8434,1
8437,1
8438,2
8439,3
8441,2
8442,1
8443,3
8444,1
8446,1
8447,1
8448,1
8449,1
8450,3
8451,2
8452,1
8453,3
8454,1
8455,1
8456,1
8457,2
8458,1
8459,2
8461,4
8462,1
8463,1
8465,1
8466,2
8467,2
8468,2
8470,1
8472,2
8473,2
8475,1
8476,1
8478,2
8481,1
8482,2
8484,1
8485,2
8486,2
8488,1
8489,2
8490,2
8493,1
8496,2
8500,1
8501,1
8502,1
8503,1
8505,1
8506,1
8507,2
8508,1
8509,2
8511,1
8513,2
8516,3
8518,1
8520,2
8522,1
8523,3
8524,2
8527,1
8528,2
8529,2
8531,1
8533,1
8534,3
8535,2
8536,2
8539,2
8540,4
8543,2
8545,1
8546,2
8548,1
8549,1
8551,3
8553,1
8554,3
8555,2
8556,1
8559,2
8560,3
8562,3
8565,1
8566,2
8568,1
8569,1
8570,1
8571,1
8573,1
8574,2
8577,1
8579,1
8580,1
8581,1
8582,2
8583,1
8584,1
8585,1
8586,1
8589,3
8590,2
8592,4
8593,1
8594,1
8595,3
8596,1
8597,3
8598,1
8599,4
8601,4
8602,1
8604,2
8606,2
8607,1
8609,5
8610,2
8611,2
8612,2
8614,1
8615,2
8616,1
8618,2
8619,2
8620,1
8621,2
8622,3
8626,1
8627,1
8629,1
8631,1
8632,1
8633,1
8634,1
8635,1
8636,4
8639,2
8640,1
8643,1
8644,2
8645,1
8646,1
8647,1
8648,2
8649,1
8650,1
8653,1
8654,1
8656,4
8658,3
8659,2
8661,2
8662,2
8663,1
8664,2
8665,1
8666,1
8667,1
8668,2
8669,2
8671,2
8673,1
8674,1
8675,1
8679,2
8680,1
8682,1
8683,1
8684,1
8685,1
8687,2
8688,1
8689,1
8690,1
8691,1
8692,4
8693,3
8694,1
8695,3
8697,1
8698,2
8699,1
8700,1
8701,1
8702,1
8704,3
8707,4
8708,1
8709,1
8710,1
8712,1
8713,3
8714,2
8715,4
8716,1
8717,1
8719,3
8720,3
8721,1
8723,2
8725,2
8726,2
8727,1
8728,1
8730,2
8732,2
8733,1
8736,3
8738,2
8740,1
8742,2
8744,2
8745,1
8746,1
8747,1
8748,2
8749,1
8750,2
8751,1
8752,1
8754,4
8755,1
8756,2
8757,2
8758,1
8759,1
8761,2
8762,1
8763,1
8764,1
8765,1
8768,3
8769,1
8770,1
8771,3
8773,1
8774,3
8775,2
8778,2
8779,3
8780,2
8781,1
8782,1
8785,1
8786,2
8787,1
8788,2
8791,1
8792,3
8793,1
8794,1
8797,3
8798,1
8799,1
8800,1
8801,3
8802,1
8804,1
8805,1
8806,1
8807,2
8808,3
8809,1
8810,1
8811,1
8812,1
8814,1
8819,1
8820,1
8821,1
8823,1
8825,1
8826,2
8827,1
8828,2
8830,2
8831,3
8832,2
8835,2
8837,2
8840,1
8844,1
8845,2
8846,2
8848,1
8852,1
8853,3
8854,2
8855,1
8859,3
8862,2
8863,1
8864,2
8865,1
8866,1
8867,1
8868,1
8869,1
8870,1
8871,1
8872,2
8874,1
8876,1
8877,1
8878,2
8879,1
8880,3
8881,1
8882,1
8883,1
8884,1
8885,1
8886,1
8888,1
8889,2
8891,2
8892,1
8893,4
8894,2
8895,2
8896,1
8899,1
8900,3
8901,2
8903,2
8905,1
8906,1
8907,1
8909,1
8910,1
8911,1
8912,2
8913,3
8915,1
8916,2
8919,1
8920,2
8921,1
8923,2
8924,2
8926,1
8927,1
8928,3
8929,4
8931,1
8933,2
8934,2
8935,1
8936,3
8937,3
8939,3
8940,1
8941,1
8942,2
8945,1
8946,1
8947,1
8948,1
8950,1
8951,1
8953,1
8954,4
8956,3
8957,1
8958,1
8959,1
8960,2
8963,1
8968,1
8969,1
8971,2
8973,1
8975,1
8977,1
8978,5
8979,1
8980,1
8982,1
8983,2
8984,1
8985,2
8987,1
8990,3
8993,2
8994,3
8997,2
8999,2
9001,2
9002,1
9007,2
9008,1
9011,1
9012,1
9013,3
9014,1
9019,1
9022,1
9023,1
9024,1
9025,1
9027,3
9031,2
9032,3
9033,1
9035,2
9036,4
9037,2
9038,1
9039,1
9042,1
9044,1
9046,1
9048,4
9050,1
9051,2
9052,1
9056,3
9058,1
9062,2
9065,1
9066,1
9067,2
9068,1
9069,1
9072,1
9073,2
9076,2
9077,1
9078,1
9079,2
9084,3
9086,1
9087,1
9088,2
9089,2
9090,2
9093,1
9095,1
9097,1
9098,3
9100,1
9104,2
9106,2
9110,1
9111,1
9113,1
9114,1
9115,3
9116,1
9120,2
9121,4
9122,2
9126,1
9127,2
9129,2
9131,2
9132,1
9133,1
9134,1
9136,1
9138,1
9139,1
9140,1
9141,2
9142,2
9143,1
9145,3
9146,1
9147,1
9149,1
9151,2
9152,2
9154,2
9155,1
9157,2
9158,2
9162,2
9163,1
9166,1
9167,1
9168,2
9169,2
9172,1
9173,1
9175,1
9176,1
9177,2
9179,1
9180,1
9182,1
9185,1
9186,2
9187,3
9188,3
9196,1
9200,3
9201,1
9202,1
9204,2
9205,2
9206,2
9207,2
9209,2
9210,3
9213,1
9215,1
9216,2
9218,1
9219,1
9222,1
9223,3
9224,2
9226,2
9227,1
9228,1
9231,2
9232,1
9233,1
9235,1
9236,2
9239,1
9241,2
9243,2
9245,1
9247,1
9248,1
9250,1
9253,1
9255,1
9262,2
9265,2
9267,3
9268,1
9270,1
9271,2
9272,1
9273,1
9275,1
9276,4
9277,1
9278,3
9279,1
9280,2
9282,1
9283,1
9284,2
9286,3
9287,2
9289,1
9290,2
9291,3
9293,2
9294,1
9295,1
9297,3
9298,2
9299,2
9300,1
9301,2
9302,2
9305,1
9306,1
9310,2
9311,4
9314,1
9315,1
9317,2
9318,1
9324,2
9327,2
9330,2
9331,1
9332,3
9334,1
9335,1
9339,1
9340,1
9344,1
9345,3
9348,1
9350,2
9354,3
9355,1
9356,3
9357,1
9359,2
9360,1
9362,1
9363,1
9364,2
9366,1
9367,2
9368,2
9369,1
9372,1
9373,2
9375,2
9376,1
9377,1
9378,2
9379,2
9381,1
9384,1
9386,1
9389,1
9391,1
9394,1
9397,2
9401,2
9402,1
9403,1
9406,2
9407,1
9408,4
9409,1
9411,2
9415,2
9418,2
9419,2
9420,1
9423,1
9424,2
9426,2
9427,1
9430,1
9431,2
9432,1
9435,1
9437,1
9438,1
9439,1
9440,1
9442,1
9443,1
9445,2
9446,2
9449,3
9450,1
9451,2
9452,2
9453,1
9454,1
9456,1
9458,1
9460,1
9462,2
9464,1
9465,1
9466,2
9469,1
9470,2
9471,2
9473,1
9475,3
9476,2
9477,2
9482,3
9487,2
9489,2
9490,2
9492,1
9495,2
9497,1
9499,2
9500,1
9502,1
9509,1
9511,1
9515,1
9516,1
9519,4
9520,1
9521,1
9522,2
9523,2
9524,1
9525,2
9526,1
9528,2
9530,1
9534,2
9535,1
9539,3
9540,2
9543,1
9544,1
9545,1
9546,1
9547,2
9548,2
9549,3
9551,4
9553,1
9554,2
9555,3
9556,1
9561,3
9563,1
9564,1
9567,1
9569,1
9570,1
9573,1
9574,1
9576,1
9581,1
9585,3
9587,3
9588,1
9589,3
9591,2
9595,1
9596,1
9597,1
9598,3
9605,2
9607,1
9610,2
9612,1
9613,1
9614,1
9616,1
9621,1
9622,2
9623,2
9625,2
9626,2
9627,1
9630,2
9631,2
9632,2
9634,1
9637,1
9638,1
9641,2
9647,1
9649,1
9650,1
9652,1
9657,1
9658,2
9659,1
9662,1
9663,1
9664,1
9665,1
9666,1
9667,1
9668,1
9669,1
9671,1
9672,1
9675,2
9677,1
9678,1
9680,2
9681,3
9682,1
9683,3
9684,2
9686,2
9687,1
9689,1
9690,1
9693,1
9694,1
9695,1
9696,1
9697,1
9700,1
9702,1
9704,1
9706,1
9709,1
9711,2
9713,1
9714,1
9716,1
9718,1
9719,1
9721,1
9723,1
9724,1
9726,2
9727,1
9728,1
9729,1
9732,2
9737,1
9738,1
9739,1
9740,1
9745,1
9747,1
9748,2
9750,1
9752,2
9753,1
9754,1
9755,1
9759,2
9763,1
9764,1
9765,1
9766,2
9770,1
9771,1
9772,2
9773,1
9774,1
9776,1
9777,1
9780,2
9781,3
9787,1
9793,2
9795,1
9796,2
9797,2
9799,2
9800,1
9801,2
9802,1
9806,1
9808,1
9811,1
9812,2
9814,1
9816,1
9819,1
9820,1
9822,1
9823,1
9824,1
9826,3
9830,2
9831,1
9835,1
9837,3
9839,1
9840,1
9847,1
9848,1
9850,1
9851,1
9852,1
9853,1
9854,2
9856,1
9858,1
9863,1
9866,2
9867,1
9871,1
9872,1
9877,1
9879,1
9880,2
9883,1
9886,1
9887,2
9888,2
9889,1
9892,2
9897,1
9900,1
9901,1
9902,1
9904,1
9909,1
9910,2
9919,1
9921,1
9923,1
9925,1
9926,2
9927,1
9929,1
9931,4
9932,1
9933,1
9935,1
9937,1
9938,1
9942,2
9943,1
9947,1
9949,2
9953,2
9955,1
9957,2
9958,1
9959,1
9960,3
9963,1
9966,1
9968,2
9969,1
9970,4
9974,1
9975,1
9977,2
9978,1
9980,1
9981,2
9982,3
9983,2
9984,1
9988,1
9994,1
9996,2
9998,1
9999,2
10000,1
10001,1
10003,1
10004,1
10005,2
10006,1
10013,1
10015,3
10017,1
10018,1
10019,1
10020,1
10021,1
10022,1
10023,1
10027,1
10029,1
10031,1
10032,1
10033,1
10034,3
10036,2
10037,1
10039,2
10041,4
10042,1
10043,1
10045,2
10047,2
10049,1
10051,2
10052,1
10054,1
10055,1
10056,1
10058,2
10063,1
10064,3
10068,1
10069,2
10070,1
10073,1
10074,2
10075,1
10077,1
10081,1
10082,1
10083,1
10085,1
10087,1
10089,2
10090,1
10092,1
10094,1
10096,1
10097,1
10108,1
10110,1
10111,1
10113,1
10114,1
10119,1
10120,1
10121,1
10122,1
10123,1
10125,1
10126,1
10127,2
10128,1
10130,1
10132,1
10134,1
10136,1
10140,1
10141,1
10143,1
10144,1
10148,1
10149,1
10152,2
10155,2
10158,1
10160,1
10162,1
10163,1
10165,1
10169,1
10171,1
10172,1
10173,1
10175,1
10177,1
10178,1
10179,2
10181,1
10183,2
10184,1
10185,1
10189,1
10190,2
10195,2
10199,2
10200,1
10201,2
10202,1
10204,1
10205,1
10207,1
10208,1
10210,1
10212,1
10214,1
10216,1
10217,2
10218,1
10225,1
10230,2
10234,1
10236,2
10237,1
10239,1
10242,1
10244,2
10245,1
10247,1
10252,1
10253,1
10254,1
10256,2
10259,1
10262,1
10267,1
10269,1
10270,1
10275,1
10276,2
10278,1
10279,1
10280,1
10281,2
10285,1
10290,1
10291,1
10292,1
10295,1
10297,1
10301,1
10303,1
10306,1
10307,1
10311,1
10312,1
10314,1
10317,1
10319,1
10320,2
10322,1
10324,1
10325,1
10331,1
10337,1
10342,1
10343,1
10344,1
10346,1
10348,1
10349,1
10350,1
10351,1
10352,1
10353,1
10355,1
10356,2
10359,1
10361,1
10365,1
10368,1
10374,1
10376,1
10377,2
10378,2
10379,2
10385,2
10386,1
10387,1
10391,1
10392,1
10394,1
10396,1
10397,1
10399,2
10400,1
10406,1
10414,1
10415,2
10420,1
10421,1
10422,1
10424,2
10425,1
10427,1
10430,1
10435,1
10438,1
10439,2
10441,1
10443,1
10445,1
10446,2
10447,1
10448,1
10450,1
10451,1
10453,2
10454,2
10461,1
10466,1
10467,1
10468,1
10471,2
10473,1
10474,1
10477,1
10478,2
10480,1
10483,2
10484,1
10491,1
10492,2
10493,1
10494,1
10495,1
10496,1
10500,1
10503,2
10504,1
10508,1
10512,2
10513,2
10516,1
10517,1
10521,1
10526,1
10527,1
10531,1
10534,1
10536,1
10537,1
10538,1
10542,1
10544,1
10545,1
10549,1
10552,2
10560,1
10561,1
10563,1
10564,1
10565,1
10569,1
10575,1
10579,2
10580,2
10582,1
10584,1
10586,1
10588,1
10591,1
10596,2
10597,2
10598,2
10600,1
10602,1
10604,2
10613,1
10615,1
10616,1
10625,1
10626,1
10627,2
10634,1
10635,1
10636,1
10638,3
10640,1
10641,1
10645,1
10646,1
10653,2
10655,1
10656,1
10657,1
10658,1
10660,1
10662,1
10664,2
10665,1
10666,1
10668,1
10669,1
10673,1
10675,1
10676,1
10679,1
10680,1
10681,1
10682,1
10685,1
10687,1
10696,2
10700,1
10702,1
10708,1
10709,1
10710,1
10713,1
10715,1
10717,1
10719,1
10723,1
10724,1
10725,1
10726,1
10730,1
10731,2
10732,1
10736,1
10737,1
10738,1
10744,1
10745,1
10749,1
10750,1
10763,1
10766,1
10772,1
10775,1
10777,2
10782,1
10783,1
10784,1
10785,1
10787,1
10793,1
10797,1
10799,1
10802,1
10812,1
10813,1
10817,1
10821,1
10823,1
10831,1
10835,1
10841,1
10847,1
10852,1
10855,1
10856,1
10859,1
10860,1
10863,1
10864,1
10867,1
10869,1
10870,2
10874,1
10878,2
10882,1
10884,1
10885,1
10886,1
10887,1
10889,2
10892,1
10893,1
10895,1
10896,1
10897,1
10899,1
10900,1
10905,1
10906,1
10907,2
10909,1
10912,1
10915,2
10917,1
10918,1
10922,2
10928,1
10931,2
10935,1
10938,1
10939,1
10946,1
10948,1
10960,1
10962,1
10966,2
10968,1
10969,1
10971,1
10972,1
10978,1
10981,1
10984,1
10985,1
10993,1
10996,1
10997,1
10998,1
10999,1
11000,1
11002,2
11004,2
11005,1
11007,3
11008,1
11010,1
11018,1
11019,1
11020,1
11021,1
11022,1
11026,1
11027,1
11030,1
11034,1
11036,1
11039,2
11042,1
11045,1
11047,1
11054,1
11055,1
11063,1
11065,1
11068,2
11070,1
11072,1
11075,1
11079,1
11084,1
11085,1
11088,1
11093,1
11095,1
11097,1
11101,1
11104,1
11105,1
11106,1
11109,1
11112,1
11114,1
11116,1
11118,1
11124,1
11126,1
11131,1
11132,1
11140,1
11149,1
11151,1
11153,1
11159,3
11162,1
11164,2
11167,2
11169,1
11170,1
11175,1
11176,2
11178,2
11180,1
11181,1
11183,1
11185,1
11194,1
11196,1
11197,1
11200,1
11203,1
11210,1
11211,1
11213,1
11216,1
11218,1
11219,1
11225,1
11227,1
11233,1
11238,1
11241,1
11245,1
11248,1
11251,1
11254,1
11255,1
11256,2
11262,1
11265,1
11267,1
11273,1
11275,1
11276,1
11280,1
11296,1
11297,1
11303,3
11304,1
11305,1
11310,1
11315,1
11316,1
11320,1
11321,1
11325,1
11327,1
11333,1
11339,2
11342,1
11343,1
11345,1
11360,1
11363,1
11365,1
11372,1
11373,1
11378,1
11386,1
11387,1
11388,1
11391,1
11401,1
11403,1
11407,1
11408,1
11413,1
11418,1
11423,1
11424,1
11426,1
11429,1
11435,1
11441,1
11445,1
11446,1
11449,1
11457,1
11461,1
11464,1
11466,1
11468,1
11470,1
11476,1
11477,1
11479,1
11484,2
11485,1
11490,1
11491,1
11492,1
11493,1
11499,1
11500,1
11506,1
11509,1
11510,1
11517,4
11522,1
11524,1
11525,1
11529,1
11531,1
11533,1
11535,1
11538,1
11544,1
11545,1
11550,1
11555,1
11558,1
11563,2
11567,1
11571,1
11572,1
11573,2
11574,3
11584,1
11592,1
11599,1
11608,1
11610,1
11612,2
11615,1
11623,1
11626,1
11628,1
11635,1
11636,1
11638,1
11641,1
11642,1
11649,1
11650,1
11653,1
11658,1
11659,2
11663,2
11667,1
11668,1
11672,1
11673,1
11676,1
11680,1
11684,1
11687,1
11688,1
11690,1
11693,1
11695,1
11700,1
11701,1
11705,1
11710,2
11713,1
11717,1
11719,1
11723,1
11724,1
11725,1
11729,1
11730,1
11731,1
11735,1
11737,1
11739,1
11740,1
11744,1
11746,1
11753,1
11756,1
11757,2
11763,1
11764,1
11771,1
11772,2
11778,1
11791,1
11796,1
11797,2
11798,1
11799,1
11800,1
11804,1
11807,1
11809,1
11810,1
11815,2
11817,1
11821,1
11830,1
11833,1
11836,2
11837,1
11839,1
11842,1
11843,2
11844,2
11859,1
11860,2
11861,1
11862,1
11863,1
11869,1
11870,1
11872,1
11880,1
11883,1
11887,1
11896,1
11910,1
11913,1
11921,1
11928,1
11937,1
11939,1
11947,1
11949,1
11954,1
11957,1
11958,1
11962,1
11965,1
11980,2
11987,1
11991,1
11995,2
11996,1
12001,1
12005,1
12030,1
12039,1
12041,1
12042,1
12044,1
12046,2
12055,1
12059,1
12062,1
12076,1
12077,1
12083,2
12087,1
12088,2
12092,1
12097,2
12102,1
12104,1
12106,1
12111,1
12116,1
12123,1
12137,1
12142,1
12146,1
12148,1
12156,1
12162,1
12163,1
12165,1
12167,1
12169,1
12172,1
12176,2
12180,1
12183,1
12186,1
12192,1
12194,1
12198,1
12199,1
12201,1
12202,1
12206,1
12213,1
12219,1
12220,1
12226,1
12236,1
12238,1
12240,2
12242,1
12264,3
12266,1
12269,1
12275,1
12277,1
12288,1
12289,1
12294,1
12297,1
12308,2
12318,1
12319,1
12323,1
12324,1
12326,1
12328,1
12329,1
12331,1
12332,1
12341,1
12345,1
12346,1
12348,1
12350,1
12352,1
12362,1
12366,1
12368,1
12370,1
12374,1
12379,1
12382,1
12384,1
12386,1
12390,1
12392,1
12398,1
12401,1
12404,1
12406,1
12409,1
12416,1
12417,1
12418,1
12427,1
12431,1
12432,1
12433,1
12434,1
12439,1
12440,1
12443,1
12448,1
12449,1
12453,1
12454,2
12458,1
12463,1
12467,1
12469,1
12471,1
12472,2
12476,1
12477,1
12479,2
12488,1
12491,1
12499,2
12500,1
12503,1
12506,1
12513,1
12515,1
12517,1
12521,2
12524,1
12525,1
12534,1
12541,1
12542,1
12547,1
12548,1
12551,2
12553,1
12555,1
12556,1
12569,1
12571,1
12587,1
12588,2
12589,1
12591,2
12592,1
12594,1
12595,1
12596,1
12601,2
12611,1
12612,1
12618,1
12621,1
12624,1
12627,1
12630,1
12632,2
12642,1
12643,1
12648,1
12654,1
12655,1
12660,1
12661,1
12664,2
12670,1
12672,1
12680,1
12681,1
12685,2
12687,1
12688,1
12689,1
12691,2
12692,1
12697,1
12698,2
12699,2
12710,2
12711,1
12714,1
12718,1
12719,1
12724,1
12725,1
12726,3
12730,2
12732,2
12733,1
12736,1
12737,1
12739,1
12743,1
12745,1
12748,1
12751,2
12753,1
12757,1
12758,1
12760,2
12762,1
12768,1
12771,1
12773,1
12783,1
12785,2
12790,1
12791,2
12798,1
12799,1
12800,1
12802,1
12814,1
12820,1
12831,1
12834,1
12836,3
12837,2
12838,1
12839,1
12842,1
12843,1
12847,1
12849,1
12851,1
12853,1
12856,1
12859,1
12868,2
12869,1
12872,1
12873,2
12874,1
12876,1
12879,1
12880,1
12883,1
12884,1
12888,1
12890,1
12894,2
12904,1
12909,1
12910,1
12911,2
12917,1
12931,2
12935,1
12937,1
12939,1
12945,1
12954,1
12956,1
12958,1
12966,1
12971,1
12983,1
12988,2
12995,1
12997,1
13003,1
13005,2
13006,1
13008,2
13010,1
13019,1
13022,1
13025,1
13026,2
13031,2
13035,1
13041,1
13043,1
13044,1
13046,2
13054,1
13062,1
13066,2
13070,1
13071,1
13080,1
13086,1
13090,1
13091,1
13094,2
13103,1
13106,1
13113,1
13115,1
13116,1
13117,1
13118,1
13122,1
13124,1
13130,1
13131,2
13133,1
13136,1
13137,1
13138,1
13139,1
13141,1
13142,1
13143,1
13147,1
13148,2
13149,1
13159,1
13161,1
13165,1
13170,1
13171,1
13175,1
13178,1
13186,2
13194,1
13196,1
13207,2
13213,1
13214,1
13215,1
13217,1
13221,1
13225,1
13226,1
13234,1
13240,1
13254,1
13265,1
13276,1
13278,1
13286,1
13292,1
13303,1
13304,1
13306,1
13311,1
13313,1
13318,1
13322,1
13329,1
13332,1
13340,1
13346,1
13354,1
13357,1
13359,1
13361,2
13363,1
13369,1
13370,2
13375,1
13377,1
13381,1
13384,1
13386,1
13395,1
13398,1
13404,1
13411,1
13412,1
13418,1
13429,1
13431,1
13432,1
13439,1
13442,1
13446,1
13453,1
13455,1
13457,1
13464,1
13473,1
13475,1
13487,1
13489,2
13499,2
13513,2
13519,1
13522,1
13523,1
13528,1
13529,1
13533,1
13541,1
13546,1
13547,1
13549,1
13553,1
13555,1
13563,1
13564,1
13567,1
13575,2
13596,1
13601,1
13602,1
13604,1
13605,1
13610,1
13617,1
13630,1
13634,1
13636,1
13645,2
13649,1
13656,1
13661,1
13667,1
13675,1
13678,1
13683,1
13700,1
13702,1
13703,1
13706,1
13711,1
13716,3
13722,1
13727,1
13730,2
13733,1
13736,2
13737,1
13745,1
13754,1
13762,1
13763,1
13768,2
13770,1
13774,2
13790,2
13792,1
13793,1
13794,1
13796,1
13799,1
13800,1
13804,1
13810,1
13814,1
13826,1
13827,1
13841,1
13860,1
13877,1
13884,1
13886,2
13892,1
13894,1
13907,1
13912,1
13942,1
13949,1
13950,1
13962,1
13971,1
13983,1
13990,1
14015,1
14022,1
14036,1
14041,1
14044,1
14047,1
14056,1
14068,1
14076,2
14079,1
14081,1
14083,1
14084,1
14086,1
14089,2
14090,1
14112,1
14115,1
14134,1
14160,1
14165,1
14196,1
14197,1
14200,1
14209,1
14213,1
14225,1
14258,1
14282,1
14288,1
14297,1
14306,1
14316,1
14318,1
14331,1
14335,1
14338,1
14345,1
14353,1
14364,1
14378,1
14385,1
14397,1
14430,1
14433,1
14445,1
14448,1
14450,2
14471,1
14483,1
14486,1
14491,1
14492,1
14495,1
14499,1
14503,1
14507,1
14515,1
14525,1
14526,1
14536,2
14547,1
14555,1
14560,1
14570,1
14580,1
14583,1
14590,1
14600,1
14604,2
14612,1
14624,1
14644,1
14678,1
14691,1
14709,1
14714,1
14716,1
14728,1
14744,1
14750,1
14756,1
14770,1
14775,2
14776,1
14778,1
14795,1
14808,1
14827,1
14861,1
14870,1
14871,1
14878,1
14880,1
14884,1
14888,1
14896,1
14898,1
14906,1
14911,1
14912,1
14914,1
14927,1
14933,1
14937,1
14940,1
14943,1
14947,1
14956,1
14967,1
14973,1
14982,1
14987,1
15000,1
15009,1
15030,1
15031,1
15032,1
15043,1
15044,1
15051,2
15053,1
15059,1
15061,1
15067,1
15068,1
15074,1
15075,1
15083,1
15087,1
15098,1
15109,1
15126,1
15153,1
15159,1
15160,1
15173,1
15185,1
15190,2
15196,1
15208,1
15215,1
15235,1
15252,1
15259,1
15262,1
15265,1
15279,1
15287,1
15289,1
15292,1
15298,1
15304,1
15313,1
15318,1
15321,1
15328,1
15329,1
15330,1
15348,1
15354,1
15364,1
15376,1
15384,1
15390,1
15393,1
15409,1
15410,1
15414,1
15424,1
15450,1
15453,1
15461,1
15469,1
15470,1
15473,1
15478,1
15482,1
15488,1
15495,1
15503,1
15507,1
15516,1
15518,2
15519,1
15521,1
15525,1
15539,1
15545,2
15552,1
15593,1
15600,1
15616,1
15628,1
15634,1
15641,1
15653,1
15654,1
15655,1
15658,2
15665,1
15670,1
15676,1
15679,1
15680,2
15685,1
15699,1
15700,1
15704,1
15711,1
15712,1
15713,1
15716,1
15720,1
15725,1
15729,1
15735,1
15742,2
15743,1
15758,1
15762,1
15765,1
15772,1
15774,1
15783,1
15786,2
15790,1
15792,1
15796,1
15798,1
15799,1
15803,2
15820,1
15837,1
15838,1
15848,1
15862,1
15866,2
15872,1
15889,1
15894,1
15897,1
15903,1
15908,1
15914,1
15915,1
15917,2
15919,1
15927,2
15928,1
15934,1
15941,1
15947,1
15952,1
15960,1
15969,1
15976,1
15977,1
15978,1
15980,1
16001,2
16002,1
16007,1
16021,1
16028,1
16032,1
16045,1
16046,1
16053,1
16054,1
16066,1
16076,1
16077,1
16078,1
16085,2
16091,1
16094,1
16105,1
16107,1
16109,1
16111,1
16122,1
16129,1
16139,1
16140,1
16144,1
16150,1
16152,1
16159,1
16161,1
16167,1
16175,1
16177,1
16182,1
16183,1
16190,1
16205,1
16210,2
16218,1
16232,1
16237,1
16239,1
16241,1
16255,1
16266,1
16278,1
16302,1
16309,1
16312,1
16319,1
16329,1
16331,1
16336,1
16339,1
16351,1
16413,1
16468,1
16498,1
16511,1
16539,1
16554,1
16616,1
16633,1
16649,1
16651,1
16676,1
16696,1
16723,1
16793,2
16836,1
16840,1
16871,1
16874,1
16925,1
16956,1
16988,1
17022,1
17039,1
17048,1
17053,1
17082,1
17092,1
17197,1
17228,1
17259,1
17276,1
17313,1
17362,1
17364,1
17368,1
17472,1
17504,1
17507,1
17511,1
17543,1
17575,1
17590,2
17610,1
17717,1
17743,1
17744,1
17747,1
17774,1
17823,1
17830,1
17916,1
17943,1
17986,1
17990,1
18013,1
18045,1
18161,1
18200,1
18267,1
18300,1
18356,1
18454,1
18467,1
18472,1
18499,1
18627,1
18642,1
18680,1
18691,1
18726,1
18727,1
18775,1
18781,1
18814,1
19001,1
19025,1
19194,1
19204,1
19428,1
19468,1
19602,1
19612,2
19743,1
19784,1
19786,1
20024,1
20098,1
20109,1
20231,1
20360,1
20369,1
20598,1
20606,1
20712,1
20900,1
20930,1
21058,1
21293,1
21308,1
21751,1
21809,1
21831,1
21952,1
21954,1
22334,1
22409,1
22472,1
22595,1
22797,1
22848,1
22961,1
23121,1
23141,1
23504,1
23571,1
23667,1
23823,1
24373,1
24607,1
25653,1
28397,1
29164,1
30208,1
30996,1
31975,1
