environment,Aging,Amino acid metabolism,BRITE hierarchies only,Biosynthesis of other secondary metabolites,Cancer: overview,Cancer: specific types,Carbohydrate metabolism,Cardiovascular disease,Cell growth and death,Cell motility,Cellular community - eukaryotes,Cellular community - prokaryotes,Chromosome,Circulatory system,Development and regeneration,Digestive system,Drug resistance: antimicrobial,Drug resistance: antineoplastic,Endocrine and metabolic disease,Endocrine system,Energy metabolism,Environmental adaptation,Excretory system,"Folding, sorting and degradation",Glycan biosynthesis and metabolism,Immune disease,Immune system,Infectious disease: bacterial,Infectious disease: parasitic,Infectious disease: viral,Information processing in viruses,Lipid metabolism,Membrane transport,Metabolism of cofactors and vitamins,Metabolism of other amino acids,Metabolism of terpenoids and polyketides,Nervous system,Neurodegenerative disease,Nucleotide metabolism,Replication and repair,Sensory system,Signal transduction,Signaling molecules and interaction,Substance dependence,Transcription,Translation,Transport and catabolism,Xenobiotics biodegradation and metabolism,not in KEGG BRITE,not in pathway/BRITE
human_gut,0.002908242134059499,0.05443913413773744,0.2755953989233322,0.01118632930988976,0.0018150997993739803,0.00025502703463873433,0.07016221739770312,0.0014073960023244117,0.008858512934883338,0.006002086720975702,6.0157970812037077e-05,0.020215623448662085,0.00038091738318840943,0.00012647014731337013,0.0008893278400025868,0.002040065708224291,0.010594560315419792,0.0010727634007513898,0.0015495961409890415,0.0028895551264457144,0.03515569665911199,0.002639797598930053,0.00012046481459930792,0.017906700771421934,0.04321703717039782,0.00035111183200715076,0.00032940636453818254,0.005257336212712531,0.00042084207727390314,0.0004441963567635385,0.0005862557679803277,0.017526043996199808,0.060011897165588864,0.044133021146650527,0.014127200412023871,0.008471344163190914,0.0005825760937381879,0.0009315865199783872,0.030362799860103037,0.03847508955981027,2.3736934856022497e-05,0.03172702863387072,5.80458250826487e-05,4.237642826999922e-05,0.005522921878409005,0.04141459332044697,0.005321524150230306,0.006346928213882883,0.0010276749123475893,0.12740265581326338
other:metagenome,0.00367714579796582,0.062013605255525475,0.26992437190040114,0.010500461087258033,0.0030854060098494435,0.0005264914516970432,0.06807910880343926,0.002668240683882661,0.012185570357993695,0.008465584195722907,0.00022589847093322336,0.027422414859209425,0.0008377646187606494,0.0009573486194269604,0.001003308221988529,0.0024177049513375635,0.009892099800166195,0.0015884210951272115,0.0025748731806782502,0.0034091457362950255,0.04859914429692841,0.004708779795542148,0.00035694379189356307,0.020705470915722755,0.03692835945702558,0.0004190342629901511,0.0007565330823567422,0.007064677780719906,0.0006171130932562411,0.0014971424628027442,0.0005727277488320588,0.017610468928670613,0.06078062184153459,0.05060221426721245,0.0156270177597847,0.010843661634964887,0.0009368525697479666,0.00251387904118596,0.030803796353582547,0.038760184771304926,2.693217778103973e-05,0.03661534513118976,0.0002610361369860226,0.00018230848621238286,0.007906755425332297,0.046149967065136965,0.007165016715745982,0.011422473384493455,0.0012301242239277188,0.1213052784221638
human_unspecified_site,0.0036491389267660447,0.05508219133228305,0.2862308653361225,0.01072281450569572,0.0054479709968884744,0.0005191359771971448,0.06876511288976757,0.004545163230927521,0.012528317035067682,0.010651137279648653,0.0004937104832578471,0.026893841606938727,0.0016908361078340846,0.004807381274371775,0.0014967379938566595,0.002767237432398876,0.011170115303243579,0.0016497095523428994,0.004580047974766305,0.003763270229942658,0.04380089492360011,0.007208056220777541,0.0003704994247091625,0.02206257668114284,0.03947885680656789,0.000502444189733213,0.0009816474939663667,0.0073744609607943636,0.001093610132870248,0.002854591108661894,0.001155301670455885,0.0193090887540529,0.0653030443107901,0.04959978852956546,0.015170477902874305,0.010914001103812281,0.001114334480186854,0.0045630516525593905,0.0330762844117363,0.0434817734404377,0.00045455270265973427,0.0360528721547801,0.00041641734871877595,0.0003298582233714645,0.010033684475840706,0.05199938797616045,0.0077313188970868744,0.009868996819681291,0.0012620148569822906,0.1279552196889785
other:soil metagenome,0.00449922091416013,0.0809009972292202,0.21285113969654226,0.01156885291292031,0.0029008936235190175,0.0005891498747375324,0.07464569812987873,0.002614300156451862,0.011681903458045173,0.009008023961483346,7.731768455021288e-05,0.03553799457634055,0.0002924029867566007,0.00012872375832928177,0.00062451508557326,0.002869006255253676,0.008146931080025238,0.0018640869732912228,0.0026936463785312793,0.004027554588893845,0.07210844092999412,0.00453098144683049,0.0005829993473541394,0.019000346864922458,0.029625575736088504,0.00045310455316923103,0.00042950079709889544,0.0057593495693430705,0.0008188207473754043,0.000893943584122261,0.00034244051791990294,0.017544394629244214,0.05558601272930169,0.05127368308652284,0.018789953189772488,0.013651709381174406,0.001812978812154396,0.0015918878235598375,0.02887184305351164,0.03120253525307335,5.138121359386439e-06,0.0414609388183678,0.0001309719493587549,0.00014534755726182982,0.007212606163165733,0.039483997366265344,0.006482310434429065,0.022603597649025583,0.0011159432899726387,0.10995166168429149
animal_gut:Mus musculus,0.003550729982112753,0.054242308614741705,0.2631973130675484,0.010861523500580719,0.0022166184035870575,0.00028543336971545473,0.073667683202344,0.0019368898010741918,0.0092414017816558,0.0066523337983996535,8.648950795551656e-05,0.020302105859742826,0.00019621126982807675,0.00032016756728786485,0.001187291906895032,0.0019840745180110496,0.010332682983704657,0.0015667490029029015,0.0016625036474602819,0.0033695933801138984,0.037428449199049606,0.0032928571351227027,0.0001423905766491723,0.019498779909641738,0.04517465851588933,0.0005388412933837523,0.0005542242394473699,0.006090215983395707,0.0004005262168797224,0.0007454121970813833,0.0005528362908869465,0.018620231343388513,0.060081455717288054,0.04040968567665158,0.014212169534199844,0.0097628482498024,0.0007619303714932293,0.0016147346954951299,0.03345040227970602,0.03895812997114599,7.865828930661323e-06,0.03130868516174552,7.654895419240337e-05,5.699565839376989e-05,0.006080778866027979,0.049880580349516056,0.005091665384694035,0.006651192402623032,0.0016507139063213284,0.12443885160238134
human_respiratory,0.004489536534479525,0.059596133433174464,0.29374572541740496,0.00930825884859211,0.005504886134111209,0.0008601251801192965,0.06038273698928013,0.004480506375446604,0.01397868647718631,0.015177700554047095,0.0006163140343964901,0.03131345223111003,0.0012585092273546088,0.0034564591439759955,0.003049792302645502,0.0029638911786507103,0.012432984110401885,0.0018515306655632312,0.004164848301019742,0.004531424278423453,0.041345167591977754,0.005788470711157556,0.000656001391460833,0.022967210662298367,0.03726216527637561,0.0012890648118466252,0.001318372200780168,0.009452114079249056,0.0015976678264697053,0.00420360234563658,0.0010786836647133972,0.01979806090608584,0.06601015958397893,0.053334654492528964,0.017074731989495693,0.011576920974054026,0.0013117706174584549,0.004553209127162796,0.036947181022254943,0.04702063385660278,5.40455785880136e-05,0.03746800378448428,0.0007076426406054447,0.0005203386753131941,0.021419186667961696,0.05427991905344845,0.010075704403284475,0.011920041640162016,0.0017147113740142703,0.12751337649426847
other:gut metagenome,0.003156110600590447,0.0562001954004688,0.27219130321239604,0.010711742403391886,0.0018989125173276317,0.0002687958679189339,0.07035805289503931,0.0015646952074928006,0.009101061855962028,0.00664455194152844,7.57366937813161e-05,0.02093512315303165,0.0003344015651531122,7.160542140010919e-05,0.0008950844783667946,0.0021588174551954386,0.00989218842875519,0.0011635980923883381,0.0015274542064035038,0.0031720318922631215,0.037166630164563216,0.0029644463942246416,0.0001399722998828363,0.018256046723699945,0.042515706909276946,0.00039822175837580826,0.00036344307389546106,0.005711089093022553,0.00042215812657726907,0.00045218982690975614,0.0006244532995950194,0.01715832645075575,0.05961206691815335,0.04441857377717638,0.013937710196831887,0.008575684768579886,0.000616925223274012,0.0010545302977101735,0.03192478567001938,0.03947225318979128,1.1277567302257299e-05,0.03223100139944735,9.192557565233023e-05,0.00010688040584643263,0.006547377543057865,0.04490212447232625,0.005236106637825134,0.00684867310806627,0.0009528401042517141,0.12989990273085042
human_oral,0.0034369524332510002,0.05067769769430105,0.2772585681932995,0.008328892040430694,0.0020498961381775777,0.0003858721195275721,0.05693801835714369,0.0017294753380784776,0.011133732474510853,0.004589381261276377,8.214178809037528e-05,0.024251169193537973,0.00020806314342440875,9.4088630924234e-05,0.001558906357868292,0.0024327978087337774,0.01111689230057176,0.0014465938883082335,0.0020527272033593292,0.0033228088877173354,0.03498725405988704,0.0031445865063143823,0.00028727487348768275,0.020565667429278605,0.04155885234287029,0.000418985527248595,0.00029918567480059663,0.0065912396826451015,0.0005114199864224343,0.00039246743163452215,0.0003828829856854302,0.01683870549177445,0.06598133512346462,0.04742800391712295,0.015888138488324717,0.008737088087885711,0.0005287029988008343,0.0010981203340219535,0.034487909891731304,0.04810611024788009,1.6645351254118345e-05,0.023387435604489283,5.6789214075425424e-05,0.00011504188263028841,0.007409114286817816,0.050304319940250176,0.0054003128709614115,0.006524003668525001,0.0008319705603012174,0.10845977897612184
human_skin,0.003757327452844585,0.05819324087822065,0.25293485087431394,0.009518318326983815,0.0030940237419005106,0.0010010669621162063,0.06085074418096645,0.002169430082046656,0.011032020471507592,0.0051387188482612855,0.00034406596276434026,0.022403795303413188,0.0015111485100186431,0.00022804579231972533,0.0014679819277034411,0.003553442841333625,0.008468361487757637,0.0024885926378760905,0.0025014643160653307,0.0032395954043500956,0.04180172988284449,0.004969675335810611,0.0005524130952632532,0.02369567956449016,0.035073443159960714,0.0004284853366445159,0.0014476047368259801,0.009147811260425086,0.0008354437000361301,0.0028854187519388587,0.0007409671702473817,0.01890483227356405,0.054556360179793165,0.055507737368195836,0.014089030587906013,0.009843027317188795,0.0009858678025833547,0.003890687263457197,0.028321065479779303,0.03878984698521158,4.71051346987223e-05,0.03298180451767767,0.0004354960748485461,0.00034928280320179633,0.011035009713413752,0.05093517549985811,0.01052457197545381,0.010544729470915167,0.0008078141544076744,0.10871681099056497
other:marine metagenome,0.0034665597894730123,0.07331965964338916,0.22965052270545566,0.010342364466505338,0.0033270309945020947,0.0005024384904380657,0.06327187620517598,0.002976419724163768,0.012945489869405108,0.00951577625658282,0.0003372463376852954,0.029611091307957634,0.00048672796596793986,0.000770070466667374,0.000727602009674315,0.0029204119472311103,0.008090070516892783,0.0017015243713319405,0.0026789148363156757,0.0036576893382507737,0.06631857739711645,0.006340006509715105,0.00035611508338865823,0.02098562505871127,0.029313272683225637,0.00042229526339604363,0.0009687400577350998,0.006327804620810955,0.0005973112229309057,0.002061310981803352,0.0006512766997316168,0.016043924233634908,0.052273860570306446,0.061642635844388706,0.01846106369678561,0.013040173946940526,0.001198918826011187,0.0028045089135602837,0.03206891253384349,0.03203572387447466,1.7149351089363973e-05,0.031204723286860695,0.00028060775873878495,0.00025731370670243844,0.01029932184404499,0.052755774496216996,0.007068933376362836,0.012925859299650622,0.0012787174320191509,0.09496728325232351
animal_gut:Sus scrofa,0.004138280484713295,0.05940578503553015,0.25268480142343336,0.00983717457436588,0.002626142835831728,0.0003311271244966872,0.06710911378185605,0.002110797417089259,0.010033673218918415,0.007357542139322017,6.060055252028179e-05,0.0190726433948824,0.0001371385430662732,0.00027981518999555904,0.0009959509253580515,0.001937223189557336,0.0076188229961708,0.0015356065058435761,0.0019568460637107324,0.003021752058166338,0.04064604284494926,0.00315356102265059,0.00012643729027970665,0.020206795829696315,0.0386498446811386,0.0003320765452829727,0.0003745117464872993,0.006075822466032179,0.00038842010766447347,0.000833795769501404,0.00029459718996827496,0.015675507291995155,0.06447280901296845,0.04254371364997688,0.013527712002242325,0.008453135548313588,0.0006863422278865487,0.0015384548260081485,0.038398407965339436,0.04440973657038025,6.216383123346827e-06,0.024092454609957563,8.986708856139412e-05,4.3005835579825484e-05,0.00820972776799375,0.06091823237907315,0.003390730008840908,0.007184916306625026,0.0011250669124875641,0.12236202443346206
other:wastewater metagenome,0.004238784586929347,0.06999677001335272,0.2815582360811772,0.01332037650364807,0.002819382485433489,0.0004476820731434388,0.0683206810175086,0.002681410345443575,0.012802043474467844,0.01505386436598308,6.441806832529325e-05,0.035997027861483,0.00011388350794221187,0.00012038462354354501,0.0005849638720562756,0.0029671529071518764,0.012061316505237469,0.0017442806951548577,0.002305708206449846,0.0034188908402062643,0.0643125414008861,0.002993133249073722,0.0002917732628497396,0.018655245052713886,0.03605314604806001,0.00035841210371650463,0.0005893241869782236,0.006605551298863541,0.000616414848488379,0.0007588268820432727,0.00042521507768293203,0.01719258616661085,0.05782451711925752,0.052507542531948184,0.019968980187242195,0.010795904739483568,0.0006810726527485809,0.002048691567704984,0.032545076528187625,0.034409087218564255,4.542152647666633e-06,0.0421778719967171,8.632560713573024e-05,0.0001406081245198708,0.007932456567880136,0.048438733886498615,0.005084370359007029,0.013281452022402261,0.0011669966462157977,0.12709321112171218
