field,value,explicit_negative,unknown,not_applicable,absent,n_with_value
geo_loc_name,86.14,0.0,5.06,1.74,7.05,45867
sample_material,78.98,0.0,3.2,2.6,15.22,42056
collection_date,77.98,0.0,7.72,2.67,11.63,41525
host,50.05,0.0,2.79,3.89,43.26,26653
env_material,43.09,0.0,1.72,2.79,52.41,22942
env_feature,41.96,0.0,1.79,3.41,52.85,22343
env_biome,41.73,0.0,1.46,2.35,54.45,22223
isolation_source,35.72,0.0,1.76,0.83,61.69,19022
sex,14.24,0.0,0.49,0.22,85.05,7580
age,11.95,0.0,0.65,0.3,87.1,6365
body_site,10.93,0.0,0.04,0.34,88.69,5819
depth,5.68,0.0,0.45,0.29,93.58,3025
bmi,3.9,0.0,0.89,0.21,95.0,2076
diet,3.23,0.0,0.07,0.13,96.57,1721
disease,3.22,0.59,0.47,0.1,95.61,1717
samp_mat_process,2.92,0.0,0.2,1.33,95.55,1556
treatment,2.18,0.0,0.09,0.2,97.53,1161
samp_store_temp,1.69,0.0,0.04,0.11,98.16,900
temperature,1.57,0.0,0.09,0.11,98.23,836
antibiotic,0.97,0.22,0.05,0.05,98.7,519
nucleic_acid_extraction,0.83,0.0,0.0,0.0,99.17,442
ph,0.59,0.0,0.08,0.29,99.03,316
salinity,0.37,0.0,0.04,0.12,99.47,196
