disease_c,environment,n_samples
healthy / none,human_gut,170
crohn's disease,human_gut,116
ulcerative colitis,human_gut,86
crohn's disease,human_unspecified_site,48
positive,other:metagenome,36
nsclc,human_unspecified_site,35
healthy / none,human_oral,33
etec h10407 challenge,human_gut,29
healthy / none,animal_gut:Sus scrofa,29
kidney failure,human_gut,28
v. cholera challenge,human_gut,27
human gut microbiota,other:gut metagenome,25
healthy / none,other:feces metagenome,24
campylobacter:-;salmonella:-;clostridium:-,animal_gut:Gallus gallus,23
colorectal cancer,human_oral,18
parkinson,human_gut,16
irritable bowel syndrome,human_gut,15
wounded:-,animal_gut:Salmo salar,14
unaffected,human_gut,13
pi,human_unspecified_site,13
pneumonia,human_respiratory,13
cavernous angioma,human_gut,13
healthy / none,other:sponge metagenome,13
healthy / none,other:bovine metagenome,13
fever of unknown origin (fuo),human_blood,12
exudative cutaneous ulcer disease,human_gut,12
pouchitis,human_gut,11
prosthetic joint infection,human_unspecified_site,11
ibsd_nobam,human_gut,10
severe chronic ulcerative colitis,human_gut,10
index 1: low cestode load,animal_gut:Salmo salar,10
periodontitis,human_oral,10
malignant neoplasm of breast,human_gut,9
campylobacter:+;salmonella:-;clostridium:-,animal_gut:Gallus gallus,9
peri-implantitis,human_oral,9
healthy / none,animal_gut:Bos taurus,9
allergies,other:feces metagenome,9
pd,human_gut,8
nsclc,human_gut,8
ulcerative colitis,human_unspecified_site,8
cancer,human_gut,8
diarrhea,human_gut,8
hiv infection,human_gut,8
food allergy,human_gut,8
systemic lupus erythematosus,human_gut,8
index 0: no cestode,animal_gut:Salmo salar,8
non_ibd,human_gut,7
stable decompensated cirrhosis,human_gut,7
schizophrenia,human_gut,7
alcohol use disorder,human_gut,7
pdac,human_gut,7
parkinson's disease,human_gut,7
index 2: moderate cestode load,animal_gut:Salmo salar,7
inflammatory bowel disease,human_gut,7
malignant neoplasm of prostate,human_gut,7
campylobacter:ns;salmonella:ns;clostridium:ns,animal_gut:Gallus gallus,7
c.difficile infection,human_gut,7
diseased,human_respiratory,6
malignant neoplasm of bronchus and lung,human_gut,6
ovine footrot,other:sheep metagenome,6
parkinson disease,human_gut,6
psoriasis,human_gut,6
patient with fibromylagia (fm group),human_gut,6
rwroomtemp,other:aquatic metagenome,6
diabetes mellitus,human_unspecified_site,6
obese,animal_gut:Rattus norvegicus,6
healthy / none,animal_gut:Mus musculus,6
lynch syndrome,human_gut,6
lassa fever,human_blood,6
intestinal polyp,human_gut,5
hiv,human_gut,5
alcoholic hepatitis,human_gut,5
infected,animal_gut:Sus scrofa,5
konzo,human_gut,5
saa,human_gut,5
non-parasitized,animal_gut:Gasterosteus aculeatus,5
dental caries,human_oral,5
unrelated control (control group),human_gut,5
aml,human_gut,5
advanced dementia (alzheimer's),human_gut,5
rcc,human_gut,4
ms,human_gut,4
periodontitis,human_unspecified_site,4
d+7,human_gut,4
mother_healthy control,human_gut,4
recovered,human_gut,4
kawasaki disease,human_blood,4
fatty liver disease,human_gut,4
healthy / none,other:metagenome,4
aml,human_unspecified_site,4
t1d,human_gut,4
home,other:food metagenome,4
allergies,other:oral metagenome,4
asthma,human_gut,4
timepoint: 0,human_gut,4
ps,human_unspecified_site,4
mother_patient,human_gut,4
omni,human_gut,4
multiple myeloma and malignant plasma cell neoplasms,human_gut,4
bi,human_unspecified_site,4
pre-term delivery,human_oral,4
pre-aclf,human_gut,4
non_infected,animal_gut:Sus scrofa,3
phlegmonous,human_gut,3
recurrent acute,human_gut,3
allergies,human_gut,3
tuberculous meningitis,human_unspecified_site,3
full-term delivery,human_oral,3
healthy / none,human_unspecified_site,3
gastrointestinal system disease|colitis,human_unspecified_site,3
hiv,human_oral,3
health (no peri-implantitis),human_oral,3
full-term delivery,human_unspecified_site,3
indeterminate colitis,human_gut,3
european,other:gut metagenome,3
c.difficile carrier,human_gut,3
acute pancreatitis,human_gut,3
yes,animal_gut:Sus scrofa,3
primary sclerosing cholangitis,human_unspecified_site,3
whim syndrome,human_skin,3
vehicle,animal_gut:Mus musculus,3
nb patient_therapy,human_gut,3
control non-asthmatic patient,human_respiratory,3
dental caries free,human_oral,3
large adenoma,human_gut,3
oral squamous cell carcinoma,human_oral,3
healthy / none,human_skin,3
healthy / none,other:algae metagenome,3
disease,human_unspecified_site,3
malignant neoplasm of liver and intrahepatic bile ducts,human_gut,3
malignant neoplasm of pancreas,human_gut,3
doid:8778,other:feces metagenome,3
dlbcl,human_gut,3
doid:8577,other:feces metagenome,3
metals,other:aquatic metagenome,3
disease|periodontitis|hypertension|obesity,human_unspecified_site,3
pdac,human_oral,3
bl,human_gut,3
bsh+ letrozole,animal_gut:Mus musculus,3
bv negative,human_vaginal,3
colorectal carcinoma,human_gut,3
cmd affected,other:gut metagenome,3
rheumatic disease,other:feces metagenome,3
cervical cancer,other:lactobacillus iners,3
chronic enteritis,animal_gut:Canis lupus familiaris,3
salmonellosis,human_gut,3
vegetarian; leans toward vegetarian,human_gut,3
diag_pda,human_gut,3
pso,human_gut,2
pancreatic neoplasm,animal_gut:Mus musculus,2
clindamycin,animal_gut:Gallus gallus,2
clostridium difficile infection,human_gut,2
colorectal cancer,human_gut,2
cd4,human_gut,2
respiratory abnormality|gastrointestinal system disease|dentin caries|colitis,human_unspecified_site,2
wwroomtemp,other:aquatic metagenome,2
acute respiratory illness,human_respiratory,2
whim syndrome,human_gut,2
type 1 diabetes,human_oral,2
unstable decompensated cirrhosis,human_gut,2
viral pneumonia,human_respiratory,2
bsh- placebo,animal_gut:Mus musculus,2
breast cancer,human_gut,2
pre-term delivery,human_blood,2
bipolar disorder,human_gut,2
caries-active,human_oral,2
small adenoma,human_gut,2
pre-eclampsia,human_blood,2
perio,human_oral,2
omnivore; avoids some fruits,human_gut,2
no dss,other:coral metagenome,2
nb patient,human_gut,2
crc (stage iii/iv),human_gut,2
covid-19,human_respiratory,2
cp_clindamycin,animal_gut:Gallus gallus,2
ctr,human_gut,2
d+30,human_gut,2
phosphorus deficient,other:rhizosphere metagenome,2
chlorpromazinelowdose,other:aquatic metagenome,2
low_grade,human_vaginal,2
female_subject_of_2.0_years,human_gut,2
eye disease|central nervous system disease|disease|periodontitis|dry eye syndrome|hypertension,human_unspecified_site,2
lymphoid leukemia,human_gut,2
iga glomerulonephritis,human_oral,2
infected,animal_gut:Mus musculus,2
"mild, steroid-naive atopic asthmatic patient",human_respiratory,2
disease|hypertension,human_unspecified_site,2
malignant neoplasm of ovary,human_gut,2
malignant neoplasm of colon,human_gut,2
ovariectomy,animal_gut:Mus musculus,2
disease|chronic obstructive pulmonary disease|lung cancer|hypertension,human_unspecified_site,2
disease|parkinson's disease|hypertension,human_unspecified_site,2
malignant neoplasm of rectum,human_gut,2
metabolic syndrome according to national cholesterol education program adult treatment panel iii (ncep atp iii) criteria,human_gut,2
lynch syndrom,human_gut,2
meningitis,human_unspecified_site,2
malignant neoplasm without specification of site,human_gut,2
mitral stn's,human_blood,2
"malignant neoplasm of uterus, part unspecified",human_gut,2
malignant neoplasm of cervix uteri,human_gut,2
malignant neoplasm of base of tongue,human_gut,2
healthy controls,human_gut,2
laboratory,other:biofilm metagenome,2
labcontrol test,human_gut,2
gastrointestinal system disease|disease|hypertension|diabetes mellitus|obesity,human_unspecified_site,2
gastrointestinal system disease|dentin caries,human_unspecified_site,2
female_subject_of_38.33333333_years,human_gut,2
female_subject_of_36.16666667_years,human_gut,2
glucose_vehicle_1_metagenome,animal_gut:Mus musculus,2
female_subject_of_39.0_years,human_gut,2
ibsd_bam,human_gut,2
healthy mucosa,human_gut,2
healthy / none,other:aquatic metagenome,2
ibd_peripheral spa,human_gut,2
female_subject_of_37.58333333_years,human_gut,2
female_subject_of_30.0_years,human_gut,2
gastrointestinal system disease,human_unspecified_site,2
group2_aud,human_gut,2
hcc,human_gut,2
all,human_gut,2
female_subject_of_na_years,human_gut,2
fever,human_blood,2
acute lymphoblastic leukemia,human_gut,2
aclf,human_gut,2
female_subject_of_31.5_years,human_gut,2
atopic dermatitis,human_skin,2
antibiotics_metals,other:aquatic metagenome,2
antibiotics_onedose,other:aquatic metagenome,2
apparently healthy,animal_gut:Callithrix jacchus,2
antibiotic treat,animal_gut:Mus musculus,2
type 1 diabetes,human_gut,2
test,human_gut,2
timepoint: 1,human_gut,2
70.15,animal_gut:Mus musculus,1
82.64,animal_gut:Mus musculus,1
thyroid gland disease|dry eye syndrome|aniridia|hypertension|obesity,human_unspecified_site,1
thyroid gland disease|gastrointestinal system disease|cystic fibrosis|diabetes mellitus,human_unspecified_site,1
thyroid gland disease|gastrointestinal system disease|disease|periodontitis|colitis|hypertension,human_unspecified_site,1
timepoint: n/a,human_gut,1
tetracycline,animal_gut:Mus musculus,1
thyroid gland disease|disease|dry eye syndrome|aniridia|hypertension,human_unspecified_site,1
thyroid gland disease|disease|periodontitis|dry eye syndrome|hypertension|diabetes mellitus,human_unspecified_site,1
thyroid gland disease|disease|periodontitis|hypertension,human_unspecified_site,1
thyroid gland disease|disease|periodontitis|hypertension|obesity,human_unspecified_site,1
spondylarthritis,human_gut,1
"spondylarthritis, crohn's disease",human_gut,1
stipe rot,other:algae metagenome,1
stoma,human_gut,1
stroke,other:metagenome,1
stunted,human_gut,1
surveillance swab,human_gut,1
schizophrenia,human_respiratory,1
secondary malignant neoplasm of respiratory and digestive organs,human_gut,1
"severe asthmatic, on high dose inhaled steroids or oral corticosteroids, patient",human_respiratory,1
severe community-acquired pneumonia,human_respiratory,1
severe pneumonia,human_blood,1
"ulcerative colitis, allergies",other:feces metagenome,1
ascending aortic aneurysm,human_respiratory,1
asthma,human_milk,1
asthma,other:oral metagenome,1
respiratory abnormality|gastrointestinal system disease|cystic fibrosis|hypertension|diabetes mellitus,human_unspecified_site,1
pregnancy hypothyroidism,other:oral metagenome,1
pt3n1a,human_gut,1
pt3n1b,human_gut,1
population des,other:rhizosphere metagenome,1
population web,other:rhizosphere metagenome,1
campylobacteriosis,human_gut,1
carcinoma in situ of breast,human_gut,1
parkinson's disease,human_unspecified_site,1
rheumatic disease,human_gut,1
rheumatoid arthritis,human_gut,1
rw4degrees,other:aquatic metagenome,1
pulmonary aspergillosis,human_blood,1
pulmonary infection,human_respiratory,1
respiratory abnormality|disease,human_unspecified_site,1
respiratory abnormality|disease|dentin caries|hypertension|obesity,human_unspecified_site,1
cervical dysplasia,other:lactobacillus iners,1
cervical rib,human_blood,1
ced104st_s81_control,human_unspecified_site,1
ced46st_s67_control,human_unspecified_site,1
ced96st_s79_control,human_unspecified_site,1
central nervous system disease,human_unspecified_site,1
central nervous system disease|dentin caries|periodontitis,human_unspecified_site,1
central nervous system disease|disease,human_unspecified_site,1
cholecystitis,human_oral,1
"cholecystitis, gastritis, lung disease, heart disease",human_gut,1
chronic obstructive pulmonary disease,human_unspecified_site,1
"clostridium difficile infection, ulcerative colitis",human_gut,1
central nervous system disease|disease|dentin caries|periodontitis|coronary artery disease|heart failure|hypertension|diabetes mellitus|obesity,human_unspecified_site,1
central nervous system disease|disease|obesity,human_unspecified_site,1
central nervous system disease|disease|parkinson's disease,human_unspecified_site,1
central nervous system disease|disease|periodontitis|obesity,human_unspecified_site,1
gastrointestinal system disease|central nervous system disease|disease|hypertension|obesity,human_unspecified_site,1
female_subject_of_37.91666667_years,human_gut,1
female_subject_of_4.083333333_years,human_gut,1
female_subject_of_4.583333333_years,human_gut,1
female_subject_of_4.75_years,human_gut,1
female_subject_of_4.916666667_years,human_gut,1
female_subject_of_40.08333333_years,human_gut,1
female_subject_of_35.75_years,human_gut,1
gastrointestinal system disease|cystic fibrosis|diabetes mellitus,human_unspecified_site,1
gastrointestinal system disease|disease|colitis|obesity,human_unspecified_site,1
gastrointestinal system disease|disease|cystic fibrosis,human_unspecified_site,1
gastrointestinal system disease|disease|dentin caries|hypertension|diabetes mellitus|obesity,human_unspecified_site,1
gastrointestinal system disease|disease|hypertension,human_unspecified_site,1
full-term delivery,human_blood,1
gastrointestinal system disease|central nervous system disease|cystic fibrosis|diabetes mellitus,human_unspecified_site,1
gastrointestinal system disease|central nervous system disease|disease|colitis,human_unspecified_site,1
gastrointestinal system disease|disease|idiopathic pulmonary fibrosis|sarcoidosis|dry eye syndrome|obesity,human_unspecified_site,1
gastrointestinal system disease|disease|periodontitis|hypertension|obesity,human_unspecified_site,1
gastrointestinal system disease|periodontitis|colitis|obesity,human_unspecified_site,1
gastrointestinal system disease|periodontitis|obesity,human_unspecified_site,1
gc,human_gut,1
germ donor,animal_gut:Mus musculus,1
glucose_amoxicillin_1_metagenome,animal_gut:Mus musculus,1
gastrointestinal system disease|cystic fibrosis,human_unspecified_site,1
female_subject_of_40.5_years,human_gut,1
female_subject_of_41.33333333_years,human_gut,1
female_subject_of_41.41666667_years,human_gut,1
female_subject_of_42.0_years,human_gut,1
female_subject_of_42.33333333_years,human_gut,1
female_subject_of_43.16666667_years,human_gut,1
"gvhd model system; splenic t cells from balb/c donors or c57bl/6 were enriched by utilizing pan-t microbeads (130-095-130, miltenyi biotec) and bone marrow was collected from the same donors. on day 0, 3x10^6 t cells and 5x10^6 bone marrow cells were injected intravenously into c57bl/6 recipient mice. recipient mice received 10gy of irradiation on day -1.",animal_gut:Mus musculus,1
h4,human_gut,1
healthy pregnancy,human_gut,1
hepatic encephalopathy,human_gut,1
high methane producing,other:gut metagenome,1
healthy / none,other:eye metagenome,1
healthy [ncit:c115935],human_gut,1
healthy / none,human_blood,1
healthy / none,human_respiratory,1
laboratory,other:food metagenome,1
female_subject_of_30.25_years,human_gut,1
female_subject_of_31.0_years,human_gut,1
female_subject_of_31.33333333_years,human_gut,1
gastrointestinal system disease|central nervous system disease|obesity,human_unspecified_site,1
hv,human_gut,1
hypothyroidism,other:oral metagenome,1
hypoxic-ischemic encephalopathy,human_respiratory,1
ibd-u,human_gut,1
female_subject_of_33.0_years,human_gut,1
female_subject_of_33.66666667_years,human_gut,1
female_subject_of_34.25_years,human_gut,1
female_subject_of_34.75_years,human_gut,1
female_subject_of_35.41666667_years,human_gut,1
female_subject_of_25.58333333_years,human_gut,1
female_subject_of_27.25_years,human_gut,1
female_subject_of_29.33333333_years,human_gut,1
female_subject_of_36.08333333_years,human_gut,1
female_subject_of_36.25_years,human_gut,1
female_subject_of_36.33333333_years,human_gut,1
female_subject_of_37.08333333_years,human_gut,1
female_subject_of_37.0_years,human_gut,1
female_subject_of_31.83333333_years,human_gut,1
female_subject_of_31.91666667_years,human_gut,1
female_subject_of_32.16666667_years,human_gut,1
male_subject_of_28.33333333_years,human_gut,1
male_subject_of_30.66666667_years,human_gut,1
male_subject_of_31.0_years,human_gut,1
male_subject_of_31.16666667_years,human_gut,1
male_subject_of_31.91666667_years,human_gut,1
male_subject_of_32.25_years,human_gut,1
male_subject_of_0.15890411_years,human_gut,1
male_subject_of_0.493150685_years,human_gut,1
male_subject_of_34.33333333_years,human_gut,1
male_subject_of_35.25_years,human_gut,1
male_subject_of_35.83333333_years,human_gut,1
male_subject_of_37.16666667_years,human_gut,1
male_subject_of_37.41666667_years,human_gut,1
male_subject_of_38.16666667_years,human_gut,1
male_subject_of_21.0_years,human_gut,1
male_subject_of_23.08333333_years,human_gut,1
infectious bovine keratoconjunctivitis,other:eye metagenome,1
input,animal_gut:Mus musculus,1
id: doid:8778 crohn's disease,human_gut,1
idiopathic cd4 lymphocytopenia,human_gut,1
iib,human_skin,1
iiia,human_skin,1
male_subject_of_32.58333333_years,human_gut,1
male_subject_of_32.91666667_years,human_gut,1
lad1,human_oral,1
liver failure,human_respiratory,1
ischemic cardiomyopathy,human_respiratory,1
isopd1+cc,animal_gut:Mus musculus,1
k1_saliva_dna,human_oral,1
k8_tongue_dna,human_unspecified_site,1
k9_tongue_dna,human_unspecified_site,1
keratoconus,human_unspecified_site,1
exposed to trypanosoma cruzi,animal_gut:Rhodnius prolixus,1
eye disease|central nervous system disease|disease|dentin caries|hypertension|obesity,human_unspecified_site,1
eye disease|disease|lung cancer|coronary artery disease,human_unspecified_site,1
eye disease|disease|periodontitis|coronary artery disease|heart failure|hypertension|diabetes mellitus,human_unspecified_site,1
eye disease|dry eye syndrome|obesity,human_unspecified_site,1
dry eye syndrome,human_unspecified_site,1
dry eye syndrome|hypertension,human_unspecified_site,1
dss,other:coral metagenome,1
female_subject_of_14.83333333_years,human_gut,1
eye disease|gastrointestinal system disease|disease|periodontitis|dry eye syndrome|aniridia,human_unspecified_site,1
female_subject_of_0.038356164_years,human_gut,1
female_subject_of_0.4166666670000001_years,human_gut,1
female_subject_of_10.0_years,human_gut,1
female_subject_of_10.58333333_years,human_gut,1
female_subject_of_10.75_years,human_gut,1
female_subject_of_11.0_years,human_gut,1
malaria,human_blood,1
disease|chronic obstructive pulmonary disease,human_unspecified_site,1
female_subject_of_11.25_years,human_gut,1
female_subject_of_11.5_years,human_gut,1
female_subject_of_12.0_years,human_gut,1
female_subject_of_12.16666667_years,human_gut,1
female_subject_of_13.08333333_years,human_gut,1
female_subject_of_14.75_years,human_gut,1
male_subject_of_0.833333333_years,human_gut,1
male_subject_of_1.333333333_years,human_gut,1
male_subject_of_1.416666667_years,human_gut,1
male_subject_of_11.66666667_years,human_gut,1
male_subject_of_13.25_years,human_gut,1
male_subject_of_14.5_years,human_gut,1
low methane producing,other:gut metagenome,1
major depressive disorder,human_gut,1
male_subject_of_4.583333333_years,human_gut,1
male_subject_of_40.5_years,human_gut,1
male_subject_of_41.66666667_years,human_gut,1
male_subject_of_42.33333333_years,human_gut,1
male_subject_of_42.58333333_years,human_gut,1
male_subject_of_44.0_years,human_gut,1
melanoma_m1d,human_gut,1
"metabolic disease, allergies",other:feces metagenome,1
male_subject_of_47.66666667_years,human_gut,1
male_subject_of_48.5_years,human_gut,1
male_subject_of_49.41666667_years,human_gut,1
male_subject_of_5.0_years,human_gut,1
male_subject_of_5.25_years,human_gut,1
male_subject_of_5.5_years,human_gut,1
male_subject_of_38.33333333_years,human_gut,1
male_subject_of_39.66666667_years,human_gut,1
male_subject_of_62.33333333_years,human_gut,1
male_subject_of_7.583333333_years,human_gut,1
male_subject_of_7.5_years,human_gut,1
male_subject_of_7.666666667_years,human_gut,1
male_subject_of_8.083333332999999_years,human_gut,1
male_subject_of_8.0_years,human_gut,1
male_subject_of_45.66666667_years,human_gut,1
male_subject_of_46.75_years,human_gut,1
encephalitis,human_unspecified_site,1
male_subject_of_0.0_years,human_gut,1
male_subject_of_9.75_years,human_gut,1
malignant melanoma of skin,human_gut,1
malignant neoplasm of anus and anal canal,human_gut,1
malignant neoplasm of bladder,human_gut,1
male_subject_of_5.666666667_years,human_gut,1
male_subject_of_6.166666667_years,human_gut,1
disease|dentin caries|coronary artery disease|heart failure,human_unspecified_site,1
disease|dentin caries|coronary artery disease|heart failure|hypertension|diabetes mellitus,human_unspecified_site,1
disease|dentin caries|coronary artery disease|heart failure|hypertension|obesity,human_unspecified_site,1
disease|dentin caries|heart failure|diabetes mellitus,human_unspecified_site,1
disease|dentin caries|hypertension|diabetes mellitus|obesity,human_unspecified_site,1
disease|dentin caries|periodontitis|colitis,human_unspecified_site,1
disease|chronic obstructive pulmonary disease|cholangitis|coronary artery disease|heart failure|hypertension|diabetes mellitus|obesity,human_unspecified_site,1
disease|chronic obstructive pulmonary disease|lung cancer|hypertension|diabetes mellitus,human_unspecified_site,1
coronary artery disease|heart failure|atrial fibrillation|hypertension,human_unspecified_site,1
disease|diabetes mellitus,human_unspecified_site,1
disease|hypertension|obesity,human_unspecified_site,1
disease|lung cancer,human_unspecified_site,1
disease|lung cancer|dentin caries,human_unspecified_site,1
dkc,human_gut,1
disease|coronary artery disease|heart failure|hypertension|diabetes mellitus,human_unspecified_site,1
disease|coronary artery disease|hypertension,human_unspecified_site,1
malignant neoplasm of other connective and soft tissue,human_gut,1
malignant neoplasm of peripheral nerves and autonomic nervous system,human_gut,1
malignant neoplasm of stomach,human_gut,1
malignant neoplasm of corpus uteri,human_gut,1
malignant neoplasm of esophagus,human_gut,1
"malignant neoplasm of kidney, except renal pelvis",human_gut,1
malignant neoplasm of larynx,human_gut,1
malignant neoplasm of other and ill-defined sites,human_gut,1
mitral regurgitation,human_respiratory,1
malignant neoplasm of thyroid gland,human_gut,1
malignant neoplasm of tonsil,human_gut,1
malignant pleural effusion,human_respiratory,1
mature t/nk-cell lymphomas,human_gut,1
melanoma_m0,human_gut,1
melanoma_m1b,human_gut,1
malignant neoplasm of other and unspecified major salivary glands,human_gut,1
dentin caries|periodontitis,human_unspecified_site,1
diabetes,animal_gut:Macaca fascicularis,1
diabetes mellitus with chemotherapy,animal_gut:Mus musculus,1
diag_papca,human_gut,1
crohn’s disease,human_gut,1
deg jt dis,human_blood,1
demyelinating disease in cns,human_unspecified_site,1
coronary artery disease|heart failure|hypertension|diabetes mellitus|obesity,human_unspecified_site,1
no peri-implantitis,human_oral,1
non-ibd,human_gut,1
non-infected pancreatic necrosis,human_blood,1
mp11_saliva_dna,human_oral,1
mp4_tongue_dna,human_unspecified_site,1
myelodysplastic syndromes,human_gut,1
central nervous system disease|disease|coronary artery disease|hypertension|diabetes mellitus,human_unspecified_site,1
dentin caries,human_unspecified_site,1
malignant neoplasm of other and unspecified female genital organs,human_gut,1
p_09,human_unspecified_site,1
p_16,human_unspecified_site,1
p_31,human_unspecified_site,1
non-infectious diseases,human_unspecified_site,1
normal with chemotherapy,animal_gut:Mus musculus,1
nc,conflict:organism_vs_host,1
nc,human_gut,1
disease|colitis,human_unspecified_site,1
disease|colitis|hypertension|obesity,human_unspecified_site,1
disease|colitis|obesity,human_unspecified_site,1
disease|coronary artery disease|atrial fibrillation|hypertension,human_unspecified_site,1
disease|coronary artery disease|heart failure|hypertension,human_unspecified_site,1
diclofenaclowdose,other:aquatic metagenome,1
diseased,human_urine,1
disease|acne inversa|obesity,human_unspecified_site,1
p_76,human_unspecified_site,1
parasitized,animal_gut:Gasterosteus aculeatus,1
bronchiectasis,human_respiratory,1
colorectal adenoma development,other:mouse metagenome,1
"colorectal cancer, stage i",human_gut,1
control no.001,human_gut,1
control no.017,human_gut,1
control no.019,human_gut,1
patient no.017,human_gut,1
patient no.029,human_gut,1
patient no.030,human_gut,1
patient no.044,human_gut,1
patient no.073,human_gut,1
patient with diarrhea (pathogen: vibrio cholerae o1),human_gut,1
pcos,human_gut,1
p_47,human_unspecified_site,1
control/unexposed,animal_gut:Rhodnius prolixus,1
coronary art,human_blood,1
na_subject_of_na_years,human_gut,1
pituitary tumor,human_respiratory,1
pleural space infection,human_respiratory,1
pneumonia,human_unspecified_site,1
perforated,human_gut,1
periodontally healthy,human_oral,1
coronary artery disease|heart failure|hypertension|obesity,human_unspecified_site,1
coronary artery disease|hypertension|obesity,human_unspecified_site,1
cp_phage,animal_gut:Gallus gallus,1
crc,human_gut,1
control no.033,human_gut,1
control no.046,human_gut,1
control no.055,human_gut,1
control no.078,human_gut,1
unkwnon,other:metagenome,1
urinary tract infection,human_gut,1
urinary tract infection,human_urine,1
type 2 diabetes,human_gut,1
type 2 diabetes,human_oral,1
type 2 diabetes mellitus,human_gut,1
ucr7_cp04727_s7_ulcerative colitis,human_unspecified_site,1
asthmatic,human_gut,1
ww4degrees,other:aquatic metagenome,1
yellow fever,human_blood,1
85.15,animal_gut:Mus musculus,1
urinary tract infections,human_urine,1
viral encephalitis and/or meningitis,human_unspecified_site,1
well human adult,human_gut,1
unaffected,other:gut metagenome,1
unaffected.sibling,human_gut,1
bsh- dht,animal_gut:Mus musculus,1
bsh- letrozole,animal_gut:Mus musculus,1
bsh- vehicle,animal_gut:Mus musculus,1
"bipolar disorder, adhd",other:vaginal metagenome,1
bleaching,other:algae metagenome,1
borrelia burgdorferi group negative,other:tick metagenome,1
whim syndrome,human_unspecified_site,1
white gill,other:fish metagenome,1
caries-free,human_oral,1
catarrhal,human_gut,1
cca,human_gut,1
cad,human_blood,1
campylobacter: cb24.18;salmonella:;clostridium:,animal_gut:Gallus gallus,1
bsh+ dht,animal_gut:Mus musculus,1
bsh+ placebo,animal_gut:Mus musculus,1
bsh+ vehicle,animal_gut:Mus musculus,1
female_subject_of_48.75_years,human_gut,1
female_subject_of_5.916666667_years,human_gut,1
female_subject_of_50.25_years,human_gut,1
female_subject_of_50.5_years,human_gut,1
female_subject_of_52.08333333_years,human_gut,1
female_subject_of_52.83333333_years,human_gut,1
female_subject_of_40.25_years,human_gut,1
female_subject_of_40.41666667_years,human_gut,1
female_subject_of_65.0_years,human_gut,1
female_subject_of_7.083333333_years,human_gut,1
female_subject_of_7.333333333_years,human_gut,1
female_subject_of_7.5_years,human_gut,1
female_subject_of_8.5_years,human_gut,1
female_subject_of_9.083333332999999_years,human_gut,1
female_subject_of_43.58333333_years,human_gut,1
female_subject_of_46.16666667_years,human_gut,1
acne inversa,human_unspecified_site,1
81.72,animal_gut:Mus musculus,1
female_subject_of_9.25_years,human_gut,1
female_subject_of_9.833333332999999_years,human_gut,1
fever,human_respiratory,1
fiber_amoxicillin_5_metagenome,animal_gut:Mus musculus,1
female_subject_of_6.083333333_years,human_gut,1
female_subject_of_6.833333333_years,human_gut,1
bacterial meningitis,human_unspecified_site,1
aortic insufficiency,human_respiratory,1
apd1+casta,animal_gut:Mus musculus,1
all,human_blood,1
all.survivor,human_gut,1
88.06,animal_gut:Mus musculus,1
aaa,human_blood,1
able-bodied,human_gut,1
