environment,Bacillota,Pseudomonadota,Bacteroidota,Actinomycetota,Bacillota_I,Patescibacteriota,Verrucomicrobiota,Fusobacteriota,Cyanobacteriota,Thermoproteota,other
human_gut,0.6051072347951992,0.07315716818872063,0.18268066038504766,0.07008928496155392,0.04253793256816034,0.0038033111518983812,0.005482584084628311,0.003072822460309383,0.0044866929852499775,3.0636447691635575e-07,0.009582002054755234
other:metagenome,0.39983270007441707,0.24391197655346958,0.11682696596814175,0.11807287987658766,0.02296288483639191,0.00887137296094252,0.009989475666846426,0.003678887004794871,0.006220466497487495,0.0067694151941744985,0.06286297536674623
animal_gut:Mus musculus,0.46847406291811006,0.18236638320393525,0.25679995280895096,0.04308211603766609,0.026435783072903795,0.0028015712594459488,0.008115890775984996,0.0014608002142941503,0.0027776475641656273,3.4898276148449522e-06,0.007682302316928236
human_unspecified_site,0.46239352021917635,0.20471545601077543,0.1288379341341517,0.13308119612854477,0.03862048657949927,0.00662737253718726,0.003278582819805451,0.007814610556669757,0.001370724749839013,0.00036934441366574334,0.012890771850685212
other:gut metagenome,0.547397973723038,0.09372435349699809,0.20083739167190898,0.07531638494617299,0.047696494451803476,0.002408759496206133,0.0051748531387097434,0.0011264522939402966,0.007781146417235617,0.0,0.018536190363986682
other:soil metagenome,0.02897837795230608,0.3710562928885872,0.025696874520915736,0.2660152104728353,0.0015810138807200327,0.011531013380220589,0.0629757548019118,8.84827716749389e-05,0.006505506416271244,0.053550066832086844,0.1720214060824703
other:marine metagenome,0.002383027889646611,0.6441831057261004,0.10773264213062832,0.04031250277251238,0.001124367917695592,0.00576524012698486,0.019572081678937675,8.020875113657743e-05,0.0499144549771151,0.015619300087938418,0.11331306794130402
human_skin,0.35075002015419093,0.1525511589707677,0.040240926057449534,0.4360996532424038,0.0016774958060721038,0.012283701228609832,0.00017208961149595665,0.0028155702703613595,0.0004491335561913583,9.158722990727798e-05,0.0028686638725500258
human_oral,0.417296814994086,0.12230571779967042,0.16239083752605077,0.1415039666639892,0.008526935493707838,0.06622440921665769,0.0,0.039460120411975996,9.701673538685423e-06,0.0007182326464027987,0.041563263573920706
human_respiratory,0.3652409689929617,0.3395824603599172,0.08033703250460227,0.16159653372642455,0.014553542999003632,0.019237443357454552,0.0002448372072441021,0.013763961566333976,9.201047113030349e-06,0.0,0.005434018238945071
other:oral metagenome,0.4588586109896861,0.1621461949478087,0.21426735673446293,0.08494201005286015,0.002841211517889861,0.03930014707240923,0.0,0.017717324354289264,0.0,0.0,0.019927144330593727
animal_gut:Sus scrofa,0.5742796864971773,0.024888303576087966,0.20361434519637614,0.032024234508264464,0.08893947296284614,0.004284863659886439,0.006904364642998122,0.002506608884136667,0.009677619418509507,8.465132948870035e-06,0.05287203552076836
