environment,n_cohort,n_with_yacht,pct_with_yacht
human_gut,21830,12271,56.2
other:metagenome,3726,1623,43.6
human_unspecified_site,2873,1083,37.7
other:soil metagenome,2859,765,26.8
animal_gut:Mus musculus,2500,1125,45.0
human_respiratory,1185,450,38.0
other:gut metagenome,1110,928,83.6
human_oral,1013,589,58.1
human_skin,963,621,64.5
other:marine metagenome,951,652,68.6
animal_gut:Sus scrofa,734,392,53.4
other:wastewater metagenome,713,226,31.7
animal_gut:Gallus gallus,562,228,40.6
other:sediment metagenome,534,257,48.1
other:freshwater metagenome,523,215,41.1
other:oral metagenome,464,404,87.1
other:synthetic metagenome,382,176,46.1
human_vaginal,365,135,37.0
animal_gut:Canis lupus familiaris,279,160,57.3
human_blood,261,95,36.4
conflict:organism_vs_host,257,106,41.2
other:air metagenome,235,105,44.7
other:plant metagenome,233,98,42.1
animal_gut:Equus caballus,226,25,11.1
other:food metagenome,225,95,42.2
other:aquatic metagenome,218,60,27.5
animal_gut:Bos taurus,217,45,20.7
other:seawater metagenome,213,111,52.1
other:vaginal metagenome,211,69,32.7
other:bioreactor metagenome,203,93,45.8
other:freshwater sediment metagenome,172,49,28.5
other:feces metagenome,162,124,76.5
other:rhizosphere metagenome,154,74,48.1
other:bovine gut metagenome,152,58,38.2
other:clinical metagenome,149,148,99.3
other:bovine metagenome,139,63,45.3
other:dust metagenome,139,102,73.4
other:urban metagenome,132,4,3.0
other:lake water metagenome,131,55,42.0
other:food fermentation metagenome,130,41,31.5
other:insect metagenome,121,39,32.2
other:marine sediment metagenome,112,56,50.0
other:indoor metagenome,108,40,37.0
other:invertebrate metagenome,107,12,11.2
human_urine,105,52,49.5
animal_gut:Meleagris gallopavo,102,5,4.9
other:viral metagenome,100,56,56.0
other:activated sludge metagenome,99,66,66.7
other:biofilm metagenome,94,28,29.8
other:mollusc metagenome,93,33,35.5
other:peat metagenome,88,66,75.0
other:root metagenome,88,23,26.1
other:groundwater metagenome,79,26,32.9
other:sludge metagenome,78,24,30.8
other:bacterium,72,10,13.9
other:hot springs metagenome,68,41,60.3
animal_gut:Rattus norvegicus,65,34,52.3
other:blood metagenome,59,3,5.1
other:mouse metagenome,58,21,36.2
human_milk,57,10,17.5
human_tissue_unspecified,55,34,61.8
animal_gut:Felis catus,55,33,60.0
other:skin metagenome,52,11,21.2
other:anaerobic digester metagenome,51,27,52.9
other:microbial mat metagenome,49,29,59.2
other:fermentation metagenome,47,16,34.0
other:pig metagenome,47,18,38.3
other:rodent metagenome,46,0,0.0
other:fish metagenome,46,13,28.3
other:compost metagenome,44,17,38.6
other:food production metagenome,43,16,37.2
other:leaf metagenome,42,6,14.3
other:sponge metagenome,41,33,80.5
animal_gut:Salmo salar,40,7,17.5
other:coral metagenome,39,9,23.1
animal_gut:Pan troglodytes troglodytes,38,29,76.3
other:coral reef metagenome,38,21,55.3
animal_gut:Pan troglodytes schweinfurthii,38,24,63.2
other:phyllosphere metagenome,37,13,35.1
other:manure metagenome,35,23,65.7
animal_gut:Pan paniscus,35,26,74.3
other:estuary metagenome,35,13,37.1
other:riverine metagenome,34,15,44.1
other:mosquito metagenome,34,5,14.7
other:salt marsh metagenome,33,28,84.8
other:tick metagenome,33,21,63.6
other:drinking water metagenome,33,15,45.5
other:mixed culture metagenome,32,16,50.0
other:milk metagenome,32,25,78.1
other:bird metagenome,30,25,83.3
animal_gut:Macaca mulatta,30,13,43.3
other:glacier metagenome,30,7,23.3
other:mammal metagenome,30,0,0.0
other:hydrothermal vent metagenome,30,15,50.0
other:subsurface metagenome,28,17,60.7
other:sheep metagenome,27,5,18.5
other:fossil metagenome,27,22,81.5
animal_gut:zebrafish,26,0,0.0
other:algae metagenome,26,14,53.8
other:meat metagenome,26,0,0.0
other:honey metagenome,25,1,4.0
other:marine plankton metagenome,25,0,0.0
other:riemerella anatipestifer,25,0,0.0
other:fish gut metagenome,24,0,0.0
other:wetland metagenome,23,10,43.5
animal_gut:Ovis aries,23,2,8.7
other:permafrost metagenome,23,9,39.1
animal_gut:Apis mellifera,23,11,47.8
animal_gut:Capra hircus,23,7,30.4
other:surface metagenome,23,3,13.0
animal_gut:Macaca fascicularis,23,0,0.0
animal_gut:Bubalus bubalis,22,21,95.5
animal_gut:Myodes glareolus,22,21,95.5
other:hospital metagenome,21,3,14.3
other:fungus metagenome,19,12,63.2
other:rock metagenome,19,10,52.6
other:lung metagenome,19,10,52.6
"animal_gut:5xFAD (B6.Cg-Tg(APPSwFlLon,PSEN1*M146L*L286V)6799Vas/Mmjax, Stock number 34848-JAX, MMRRC)",18,17,94.4
other:factory metagenome,18,18,100.0
animal_gut:Emys orbicularis,18,0,0.0
other:moss metagenome,18,3,16.7
other:upper respiratory tract metagenome,17,9,52.9
other:annelid metagenome,17,10,58.8
other:punctelia rudecta,17,0,0.0
animal_gut:insect,17,11,64.7
other:aquaculture metagenome,16,4,25.0
other:symbiont metagenome,16,14,87.5
other:cave metagenome,16,5,31.2
other:ice metagenome,16,8,50.0
other:hypersaline lake metagenome,15,10,66.7
other:salt lake metagenome,15,13,86.7
other:metagenomes,15,11,73.3
other:gill metagenome,14,0,0.0
animal_gut:Dairy cattle,14,12,85.7
other:oyster metagenome,14,7,50.0
animal_gut:Ursus americanus,14,0,0.0
other:mine drainage metagenome,14,10,71.4
animal_gut:Chlorocebus sabaeus,13,13,100.0
other:bioreactor sludge metagenome,13,8,61.5
animal_gut:Giant panda and red panda,13,10,76.9
animal_gut:Bos mutus,13,11,84.6
other:terrestrial metagenome,13,12,92.3
other:biocrust metagenome,13,8,61.5
other:wine metagenome,13,10,76.9
other:primate metagenome,13,8,61.5
other:lepraria finkii,12,0,0.0
other:marsh metagenome,12,0,0.0
other:poultry litter metagenome,12,11,91.7
other:silage metagenome,12,4,33.3
other:beach sand metagenome,12,3,25.0
other:rumen metagenome,12,0,0.0
other:brine metagenome,12,1,8.3
animal_gut:panda,12,11,91.7
other:sheep gut metagenome,12,4,33.3
animal_gut:Ochotona curzoniae,11,6,54.5
other:ant metagenome,11,0,0.0
animal_gut:Phascolarctos cinereus,11,6,54.5
other:aquatic viral metagenome,11,7,63.6
other:mangrove metagenome,11,6,54.5
animal_gut:Bos indicus,11,11,100.0
other:canine metagenome,10,1,10.0
other:rat metagenome,10,2,20.0
other:farm metagenome,10,0,0.0
other:museum specimen metagenome,10,10,100.0
other:eye metagenome,10,7,70.0
animal_gut:fish,10,5,50.0
animal_gut:Hoolock tianxing,10,10,100.0
animal_gut:Tursiops truncatus,9,0,0.0
other:plastisphere metagenome,9,3,33.3
animal_gut:Sow,9,9,100.0
other:bee metagenome,9,4,44.4
other:phage metagenome,9,9,100.0
other:lepraria lanata,9,0,0.0
other:biofilter metagenome,9,5,55.6
other:bat metagenome,9,1,11.1
animal_gut:Ailuropoda melanoleuca,8,1,12.5
other:hydrocarbon metagenome,8,5,62.5
other:pancrustacean metagenome,8,4,50.0
other:snake metagenome,8,0,0.0
other:spacecraft metagenome,8,0,0.0
other:urine metagenome,8,4,50.0
animal_gut:Pan troglodytes,8,8,100.0
animal_gut:Canis lupus,8,0,0.0
other:wood metagenome,8,0,0.0
animal_gut:Rhinopithecus roxellana,8,5,62.5
other:respiratory tract metagenome,8,2,25.0
animal_gut:Sciurus vulgaris,8,0,0.0
other:whole organism metagenome,8,0,0.0
animal_gut:Rattus,8,8,100.0
other:pond metagenome,8,6,75.0
other:macroalgae metagenome,8,0,0.0
animal_gut:Propithecus coquereli,7,1,14.3
other:food contamination metagenome,7,2,28.6
animal_gut:diarrhea piglets,7,7,100.0
other:macaca mulatta,7,7,100.0
other:leaf litter metagenome,7,4,57.1
other:clostridiales bacterium,7,0,0.0
other:lichen metagenome,7,5,71.4
animal_gut:Penaeus vannamei,7,5,71.4
animal_gut:Gasterosteus aculeatus,6,0,0.0
other:boletus edulis,6,0,0.0
animal_gut:piglet,6,6,100.0
animal_gut:Marmot,6,5,83.3
animal_gut:isopod,6,0,0.0
animal_gut:Zebrafish,6,6,100.0
animal_gut:homo_sapines,6,0,0.0
animal_gut:Papio cynocephalus,6,2,33.3
animal_gut:Podarcis muralis,6,0,0.0
animal_gut:stomach,6,6,100.0
other:biogas fermenter metagenome,6,2,33.3
other:plastic metagenome,6,1,16.7
animal_gut:Bombus impatiens,6,4,66.7
animal_gut:Brand's vole,6,0,0.0
other:wood decay metagenome,6,1,16.7
other:parasite metagenome,6,1,16.7
animal_gut:Gorilla gorilla gorilla,6,6,100.0
animal_gut:Apis cerana,6,5,83.3
animal_gut:brown bear,5,0,0.0
animal_gut:Desmodus rotundus,5,5,100.0
other:runoff metagenome,5,5,100.0
other:feline metagenome,5,0,0.0
other:cold seep metagenome,5,3,60.0
other:horse metagenome,5,3,60.0
animal_gut:Sciurus carolinensis,5,0,0.0
other:mycoplasma sp.,5,0,0.0
other:punctelia appalachensis,5,0,0.0
other:clothing metagenome,5,2,40.0
other:rabbit gut metagenome,5,5,100.0
other:bacteroidales bacterium,5,0,0.0
animal_gut:Duck,5,0,0.0
animal_gut:Capra aegagrus hircus,5,0,0.0
other:prochlorococcus marinus,5,0,0.0
animal_gut:SWISS_mice,5,0,0.0
animal_gut:Rhizomys pruinosus,5,5,100.0
animal_gut:Holstein cows,5,0,0.0
animal_gut:Pseudois nayaur,5,0,0.0
other:synechococcus sp.,5,0,0.0
animal_gut:yak,5,4,80.0
animal_gut:Oncorhynchus mykiss,5,4,80.0
other:mine metagenome,5,1,20.0
animal_gut:Mus,5,5,100.0
animal_gut:Gymnogyps californianus,4,4,100.0
animal_gut:Ovis aries (pure grazing),4,0,0.0
animal_gut:Bombus terrestris,4,2,50.0
other:crab metagenome,4,2,50.0
animal_gut:Macaca mulatta brevicaudus,4,0,0.0
animal_gut:Weaning pig,4,0,0.0
other:eubacteriales,4,0,0.0
animal_gut:Water deer,4,4,100.0
other:rice paddy metagenome,4,2,50.0
animal_gut:Military dog,4,4,100.0
animal_gut:Callithrix jacchus,4,4,100.0
other:halite metagenome,4,4,100.0
animal_gut:Cervus nippon,4,2,50.0
animal_gut:Megaptera novaeangliae,4,4,100.0
animal_gut:animal,4,4,100.0
animal_gut:large intestine,4,4,100.0
other:medical device metagenome,4,4,100.0
other:lyssavirus rabies,4,2,50.0
animal_gut:Anguilla anguilla,4,3,75.0
animal_gut:Suis scrofa,4,0,0.0
other:lactobacillus iners,4,0,0.0
animal_gut:DBA/1 mice,4,4,100.0
animal_gut:healthy parturient,4,4,100.0
other:root nodule metagenome,4,1,25.0
animal_gut:beagle,4,4,100.0
other:ovine metagenome,4,0,0.0
animal_gut:Moose,4,0,0.0
animal_gut:Lamb,4,0,0.0
animal_gut:adult goat,4,4,100.0
animal_gut:Holstein X Jersey cow,4,0,0.0
other:sea cucumber metagenome,4,3,75.0
animal_gut:small intestine,4,1,25.0
other:straw metagenome,4,0,0.0
other:lagoon metagenome,4,2,50.0
other:soda lake metagenome,4,2,50.0
animal_gut:C57/BL6 mouse,4,4,100.0
other:bacteroides fragilis,3,3,100.0
other:biofloc metagenome,3,1,33.3
other:rhizoplaca arbuscula,3,3,100.0
animal_gut:Lissotriton helveticus,3,0,0.0
animal_gut:Anser indicus,3,1,33.3
other:sand metagenome,3,2,66.7
animal_gut:Eidolon helvum,3,2,66.7
animal_gut:Podarcis gaigeae,3,0,0.0
animal_gut:primate,3,3,100.0
animal_gut:Partridge chicken,3,3,100.0
animal_gut:Nipponia nippon,3,0,0.0
other:candidatus williamhamiltonella defendens,3,0,0.0
animal_gut:Yak,3,3,100.0
other:abattoir metagenome,3,0,0.0
other:canis lupus familiaris,3,0,0.0
animal_gut:Kyphosus sydneyanus,3,0,0.0
other:oil field metagenome,3,0,0.0
animal_gut:Periplaneta americana,3,0,0.0
animal_gut:Yellow hair chicken,3,3,100.0
animal_gut:Vespertilio sinensis,3,0,0.0
other:money metagenome,3,3,100.0
animal_gut:Homo sapiens (infant),3,3,100.0
other:termite gut metagenome,3,2,66.7
animal_gut:newborn goat,3,3,100.0
animal_gut:Yunnan goat,3,3,100.0
animal_gut:Oryctolagus cuniculus,3,1,33.3
animal_gut:piglets,3,0,0.0
animal_gut:Gazella subgutturosa,3,0,0.0
animal_gut:Hy-Ling brown laying hens,3,0,0.0
other:escherichia coli,3,1,33.3
animal_gut:Psittacula echo,3,0,0.0
animal_gut:Acrossocheilus fasciatus,3,0,0.0
animal_gut:Calves,3,3,100.0
other:prokaryote coculture,3,3,100.0
other:hyphosphere metagenome,3,0,0.0
animal_gut:Rhinopithecus bieti,3,2,66.7
animal_gut:Donkey,3,0,0.0
other:oil metagenome,3,3,100.0
other:probiotic metagenome,3,3,100.0
animal_gut:bee,3,0,0.0
other:tidal flat metagenome,3,1,33.3
other:oil production facility metagenome,3,2,66.7
animal_gut:rattus,3,3,100.0
other:wildlife metagenome,3,0,0.0
animal_gut:Bostaurus,3,0,0.0
animal_gut:calf,3,0,0.0
other:citrus x paradisi x citrus trifoliata,3,3,100.0
other:crocidura lasiura,3,0,0.0
animal_gut:Physeter macrocephalus,3,2,66.7
other:outdoor metagenome,3,2,66.7
animal_gut:Junggar Bactrian Camel,3,0,0.0
animal_gut:Pelophylax nigromaculatus,3,0,0.0
animal_gut:C57BL/6NTac,3,3,100.0
other:bog metagenome,3,2,66.7
other:invertebrate gut metagenome,3,1,33.3
other:ciliate metagenome,3,3,100.0
animal_gut:Elephas maximus,3,2,66.7
animal_gut:Spermophilus dauricus,3,0,0.0
animal_gut:Hippodamia convergens,2,1,50.0
animal_gut:Lasiorhinus latifrons,2,1,50.0
animal_gut:Chelonoidis porteri,2,0,0.0
animal_gut:Cervus canadensis nannodes,2,2,100.0
animal_gut:manure,2,2,100.0
animal_gut:Anser sp.,2,0,0.0
other:rhizoplaca cf. idahoensis,2,1,50.0
other:usnea subfusca,2,0,0.0
animal_gut:Larimichthys crocea,2,0,0.0
animal_gut:Heterocephalus glaber,2,0,0.0
other:saltern metagenome,2,0,0.0
animal_gut:Tympanuchus phasianellus,2,2,100.0
other:coal metagenome,2,1,50.0
animal_gut:earthworm,2,0,0.0
animal_gut:Apis mellifera carnica,2,2,100.0
animal_gut:Herder,2,2,100.0
animal_gut:Danio rerio,2,0,0.0
animal_gut:Orycteropus afer,2,2,100.0
animal_gut:C57B6,2,0,0.0
animal_gut:Mergus squamatus,2,0,0.0
animal_gut:Cervus albirostris,2,0,0.0
animal_gut:LAMB,2,1,50.0
animal_gut:Toxispathius auriventris,2,0,0.0
animal_gut:Wenchang Chicken,2,0,0.0
other:ecological metagenomes,2,2,100.0
other:candidatus methanoperedens sp.,2,1,50.0
animal_gut:Setophaga striata,2,2,100.0
animal_gut:Mesocricetus auratus,2,0,0.0
other:synthetic construct,2,2,100.0
animal_gut:Oryzias latipes,2,2,100.0
other:lachnospiraceae,2,0,0.0
animal_gut:Plautia stali,2,2,100.0
animal_gut:Lampsilis pectorosa,2,0,0.0
animal_gut:Cyprinus carpio,2,1,50.0
animal_gut:Termes hospes,2,2,100.0
other:fertilizer metagenome,2,0,0.0
animal_gut:snail,2,0,0.0
animal_gut:Castor canadensis,2,0,0.0
animal_gut:Herbivorous mammals,2,0,0.0
animal_gut:Alces?alces,2,2,100.0
animal_gut:Podarcis pityusensis,2,0,0.0
animal_gut:Coturnix,2,2,100.0
animal_gut:Macaca sp.,2,2,100.0
animal_gut:Apis florea,2,0,0.0
other:aquifer metagenome,2,2,100.0
other:frog metagenome,2,0,0.0
other:bacteroidaceae bacterium,2,0,0.0
animal_gut:Mungos mungo,2,2,100.0
animal_gut:Pantholops hodgsonii,2,0,0.0
other:biosolids metagenome,2,2,100.0
animal_gut:wildlife,2,1,50.0
animal_gut:Lepus europaeus,2,0,0.0
other:termite metagenome,2,0,0.0
animal_gut:Eisenia fetida,2,0,0.0
animal_gut:Perca flavescens,2,0,0.0
animal_gut:Oreochromis niloticus,2,0,0.0
animal_gut:Tadorna ferruginea,2,0,0.0
animal_gut:Pipistrellus pipistrellus,2,0,0.0
other:mus musculus,2,0,0.0
animal_gut:Bengal tiger,2,2,100.0
animal_gut:Rattus rattus,2,1,50.0
animal_gut:Ctenopharyngodon idella,2,0,0.0
animal_gut:Lithobates pipiens,2,2,100.0
other:solid waste metagenome,2,0,0.0
animal_gut:Simmental cattle,2,2,100.0
animal_gut:Papio kindae,2,2,100.0
other:bacteroides uniformis,2,0,0.0
animal_gut:Casuarius casuarius,2,2,100.0
animal_gut:Roe deer,2,2,100.0
animal_gut:Rhodnius prolixus,2,2,100.0
animal_gut:m.musculus,2,0,0.0
animal_gut:Pycnoscelus surinamensis,2,2,100.0
other:candidatus pelagibacter sp.,2,0,0.0
animal_gut:Achilles tang,2,1,50.0
animal_gut:Macaca fuscata,2,2,100.0
animal_gut:C57BL/6,2,2,100.0
other:liver metagenome,2,0,0.0
animal_gut:Bos_taurus,2,0,0.0
other:mycobacterium avium subsp. hominissuis,2,2,100.0
animal_gut:Birgus latro,2,0,0.0
animal_gut:Cygnus cygnus,2,0,0.0
animal_gut:Otaria flavescens,2,2,100.0
animal_gut:Harmonia axyridis,2,2,100.0
animal_gut:Guangxi goat,2,2,100.0
animal_gut:Panthera uncia,2,2,100.0
other:reproductive system metagenome,2,0,0.0
animal_gut:Trachypithecus francoisi,2,1,50.0
other:bacteroidota bacterium,2,0,0.0
animal_gut:Alexandromys fortis,2,0,0.0
other:usnea strigosa,2,0,0.0
animal_gut:Homo sapiens GER_SNF_F351,2,2,100.0
other:tailings metagenome,2,2,100.0
animal_gut:Sprague-Dawley rats,2,0,0.0
animal_gut:Anaxyrus americanus,2,2,100.0
animal_gut:Crossbred piglets (Landrace x Yorkshire x Duroc),2,2,100.0
animal_gut:Homo sapiens GER_SNF_F190,2,2,100.0
animal_gut:Holstein cow,2,0,0.0
animal_gut:mouse_163,1,0,0.0
other:aquabacterium commune,1,1,100.0
other:methanobrevibacter sp.,1,0,0.0
other:blank sample,1,0,0.0
other:goat gut metagenome,1,0,0.0
animal_gut:Capra sibirica,1,0,0.0
animal_gut:C57BLKS/J-wt/wt,1,0,0.0
other:protist metagenome,1,0,0.0
animal_gut:Dama dama,1,0,0.0
animal_gut:Homo sapiens T21,1,0,0.0
animal_gut:Microcerotermes sp. mad G JA-2024a,1,0,0.0
other:inocybe lanuginosa,1,0,0.0
animal_gut:feces,1,1,100.0
animal_gut:mouse_162,1,0,0.0
other:aerosol metagenome,1,1,100.0
animal_gut:Nannospalax galili,1,1,100.0
other:rhizoplaca shushanii,1,0,0.0
animal_gut:Lithobates clamitans tadpole gut,1,1,100.0
animal_gut:Shinisaurus crocodilurus,1,0,0.0
animal_gut:pig PA4,1,1,100.0
animal_gut:Protobothrops mangshanensis,1,1,100.0
other:candidatus brockarchaeota archaeon,1,1,100.0
animal_gut:Homo sapiens GER_SNF_F199,1,1,100.0
animal_gut:C57BL/6 J male mice-A33,1,1,100.0
animal_gut:Crepititermes verruculosus,1,1,100.0
animal_gut:Homo sapiens GER_CD_S25,1,1,100.0
animal_gut:Giant panda,1,1,100.0
other:microbial eukaryotic metagenome,1,1,100.0
animal_gut:Apis mellifera mellifera,1,1,100.0
other:shark metagenome,1,1,100.0
animal_gut:Struthio camelus,1,1,100.0
animal_gut:Zophobas morio,1,1,100.0
other:ant fungus garden metagenome,1,1,100.0
animal_gut:Vulpes vulpes,1,1,100.0
other:gammaproteobacteria,1,0,0.0
animal_gut:delivery room,1,1,100.0
animal_gut:Tupaia glis,1,1,100.0
other:volcano metagenome,1,1,100.0
other:thermomicrobium sp. 002898255,1,1,100.0
animal_gut:HV443_B06_0906_BDME190635093-1a_HMHMGDSXX_L3_1.fq.gz,1,1,100.0
animal_gut:HV229_E08_0692_BDME190634887-1a_HTMC3DSXX_L3,1,1,100.0
animal_gut:HV020_I06_0483_BDME190634678-1a_HMJH7DSXX_L4,1,1,100.0
animal_gut:sheep manure,1,0,0.0
animal_gut:Anas platyrhynchos platyrhynchos,1,0,0.0
other:betaproteobacteria bacterium,1,0,0.0
animal_gut:Strongylocentrotus intermedius,1,0,0.0
other:bacillota,1,0,0.0
other:stutzerimonas stutzeri,1,0,0.0
other:stereocaulon antarcticum,1,0,0.0
other:streptococcus sp. ritm084i2,1,1,100.0
animal_gut:fish metagenome,1,0,0.0
animal_gut:Grus grus,1,0,0.0
animal_gut:Ailurus fulgens,1,0,0.0
other:xanthomonas euvesicatoria,1,1,100.0
other:crocidura shantungensis,1,0,0.0
other:shewanella putrefaciens,1,0,0.0
other:vaucheria bursata,1,0,0.0
other:methanobacterium subterraneum,1,0,0.0
other:candidatus limimorpha sp.,1,0,0.0
other:acutalibacteraceae bacterium,1,0,0.0
animal_gut:Rhinolophus euryale,1,0,0.0
animal_gut:Sceloporus grammicus,1,0,0.0
other:ballast water metagenome,1,0,0.0
other:oil sands metagenome,1,0,0.0
other:lactococcus lactis,1,0,0.0
other:lysinibacillus capsici,1,0,0.0
other:vulcanimicrobiota bacterium,1,0,0.0
other:oral-nasopharyngeal metagenome,1,1,100.0
other:ear metagenome,1,0,0.0
animal_gut:Guinea fowl,1,1,100.0
other:winery metagenome,1,0,0.0
animal_gut:Leghorn chicken,1,0,0.0
animal_gut:Diaprepes abbreviatus,1,0,0.0
other:lake metagenome,1,0,0.0
animal_gut:.Presbytis femoralis,1,1,100.0
other:methanobacteriota archaeon,1,0,0.0
other:encephalitozoon hellem,1,0,0.0
other:pseudomonas sp. k35,1,1,100.0
animal_gut:dairy,1,1,100.0
animal_gut:Cryptotermes domesticus,1,1,100.0
animal_gut:Prorhinotermes simplex,1,1,100.0
animal_gut:Odontotaenius disjunctus,1,1,100.0
animal_gut:Homo sapiens GER_SNF_F380,1,1,100.0
animal_gut:Capra,1,0,0.0
animal_gut:mouse_70,1,0,0.0
animal_gut:HV206_C03_0669_BDME190634864-1a_HMHNLDSXX_L2,1,1,100.0
animal_gut:Cygnus atratus,1,1,100.0
animal_gut:Kyphosus vaigiensis,1,1,100.0
other:psyllid metagenome,1,1,100.0
animal_gut:Alexandromys oeconomus,1,1,100.0
animal_gut:Mirounga leonina,1,1,100.0
animal_gut:Homo sapiens GER_SNF_F228,1,1,100.0
animal_gut:mouse_225,1,0,0.0
animal_gut:74.99,1,0,0.0
animal_gut:Neotoma macrotis,1,1,100.0
animal_gut:Lagopus muta,1,1,100.0
animal_gut:197,1,1,100.0
other:root associated fungus metagenome,1,1,100.0
other:bat paramyxovirus,1,1,100.0
other:spiroplasma endosymbiont of nesidiocoris tenuis,1,1,100.0
other:limnoraphis sp.,1,0,0.0
animal_gut:Homo sapiens GER_CD_S50,1,1,100.0
other:candidatus kuenenia stuttgartensis,1,0,0.0
animal_gut:HV419_H09_0882_BDME190635069-1a_HTLNHDSXX_L1_1.fq.gz,1,1,100.0
animal_gut:Rhinolophus pusillus,1,1,100.0
other:circovirus sp. gt10au,1,0,0.0
animal_gut:Trachypithecus poliocephalus,1,1,100.0
other:microcoleaceae cyanobacterium,1,0,0.0
other:bacilli bacterium,1,0,0.0
other:endophyte metagenome,1,0,0.0
animal_gut:Apodemus peninsulae,1,0,0.0
animal_gut:Drepanotermes gayi,1,0,0.0
other:uncultured bacterium,1,1,100.0
other:aphanizomenon flos-aquae str. klamath,1,0,0.0
other:cnidarian metagenome,1,0,0.0
other:spodoptera frugiperda,1,1,100.0
other:candidatus pelagibacter sp. himb1518,1,0,0.0
animal_gut:gut,1,1,100.0
animal_gut:Zhedong White Goose,1,1,100.0
animal_gut:Cryptotermes cavifrons,1,1,100.0
animal_gut:giant pandas and other relevant species,1,1,100.0
other:streptococcus sp. ritm070i12,1,1,100.0
other:streptococcus sp. ritm052i4,1,1,100.0
other:streptococcus sp. ritm021i10,1,1,100.0
animal_gut:SPF mice BALB/c,1,0,0.0
animal_gut:Lateolabrax japonicus,1,0,0.0
animal_gut:0.19,1,0,0.0
other:microcoleus sp. cawbg51,1,1,100.0
animal_gut:4.37,1,0,0.0
animal_gut:Gorilla14,1,1,100.0
animal_gut:mouse_400,1,0,0.0
animal_gut:mouse_80,1,0,0.0
animal_gut:mouse_98,1,0,0.0
animal_gut:HV521_B03_0984_BDME190635169-1a_HTMC3DSXX_L3_1.fq.gz,1,1,100.0
animal_gut:pig C6,1,1,100.0
animal_gut:Camelus bactrianus ferus,1,1,100.0
other:thelotrema lepadinum,1,1,100.0
other:pycnora praestabilis,1,1,100.0
animal_gut:HV439_B02_0902_BDME190635089-1a_HMHMGDSXX_L2_1.fq.gz,1,1,100.0
other:rugalucina munda,1,1,100.0
other:cetacean metagenome,1,0,0.0
animal_gut:catfish12,1,0,0.0
animal_gut:Scylla olivacea,1,1,100.0
animal_gut:HV468_E04_0931_BDME190635117-1a_HMGLJDSXX_L3_1.fq.gz,1,1,100.0
animal_gut:Embiotoca jacksoni,1,0,0.0
animal_gut:Drosophila melanogaster,1,1,100.0
animal_gut:Semnopithecus schistaceus,1,0,0.0
animal_gut:mouse_7,1,0,0.0
animal_gut:Domestic Cats,1,0,0.0
other:ancylonema sp.,1,0,0.0
animal_gut:Anser anser,1,0,0.0
other:alphaproteobacteria bacterium,1,0,0.0
animal_gut:mouse_67,1,0,0.0
animal_gut:Water buffalo,1,1,100.0
animal_gut:Rhacodactylus leachianus,1,1,100.0
animal_gut:Giraffa camelopardalis reticulata,1,0,0.0
other:candidatus pelagibacter sp. himb1542,1,0,0.0
other:candidatus pelagibacter sp. himb1520,1,0,0.0
animal_gut:seagull,1,1,100.0
other:calditrichota bacterium,1,0,0.0
animal_gut:HV319_F08_0782_BDME190634975-1a_HN2JLDSXX_L2_1.fq.gz,1,1,100.0
animal_gut:Elaphodus cephalophus,1,0,0.0
animal_gut:sheep124,1,1,100.0
animal_gut:Hypomesus transpacificus,1,1,100.0
animal_gut:Cryptotermes secundus,1,1,100.0
animal_gut:HV043_C02_0506_BDME190634701-1a_HMJH7DSXX_L1,1,1,100.0
animal_gut:Homo_sapiens,1,0,0.0
animal_gut:Homo sapiens H29,1,0,0.0
animal_gut:Trigona fulviventris,1,0,0.0
other:candidatus poseidoniaceae archaeon,1,0,0.0
other:phasianus colchicus,1,1,100.0
animal_gut:C57BL/6J mice,1,1,100.0
animal_gut:Micropterus dolomieu,1,1,100.0
animal_gut:Gardnerycteris crenulata,1,1,100.0
animal_gut:Numida meleagris,1,0,0.0
animal_gut:HV011_H06_0474_BDME190634669-1a_HMJH7DSXX_L1,1,1,100.0
other:chemical production metagenome,1,1,100.0
animal_gut:Hipposideros diadema,1,1,100.0
animal_gut:Lyrodus pedicellatus,1,1,100.0
animal_gut:189,1,1,100.0
animal_gut:Bactrocera oleae,1,1,100.0
other:candidatus accumulibacter adiacens,1,1,100.0
other:bacillus sp. uanl1552282b,1,1,100.0
other:candidatus pelagibacter sp. himb1685,1,0,0.0
animal_gut:Homo sapiens GER_SNF_F145,1,1,100.0
animal_gut:'Mus musculos C57BL/6',1,0,0.0
animal_gut:Papio cynocephalus and P. anubis,1,0,0.0
animal_gut:Cavia porcellus,1,1,100.0
animal_gut:Homo sapiens GER_CD_S33,1,1,100.0
other:streptococcus sp. rmpru011i4,1,1,100.0
other:mycolicibacterium sp.,1,0,0.0
animal_gut:3.28,1,0,0.0
animal_gut:Myotis indochinensis,1,1,100.0
other:chitinophaga pinensis,1,1,100.0
animal_gut:HV436_A08_0899_BDME190635086-1a_HMGLJDSXX_L2_1.fq.gz,1,1,100.0
other:rhizoplaca polymorpha,1,0,0.0
animal_gut:mouse_171,1,0,0.0
animal_gut:mouse_249,1,0,0.0
animal_gut:mouse_205,1,0,0.0
other:fidelibacterota bacterium,1,0,0.0
animal_gut:Neotoma lepida,1,1,100.0
other:schaereria dolodes,1,1,100.0
other:toensbergia leucococca,1,1,100.0
animal_gut:Petrolisthes sp.,1,0,0.0
animal_gut:Glyptotermes sp.,1,0,0.0
other:oceanicaulis alexandrii,1,1,100.0
other:candidatus woesearchaeota archaeon,1,0,0.0
animal_gut:catfish7,1,0,0.0
animal_gut:Rattus tanezumi,1,0,0.0
other:clathrolucina costata,1,1,100.0
animal_gut:mice34,1,0,0.0
animal_gut:BALB/c,1,1,100.0
other:endosymbiont of lamellibrachia barhami,1,1,100.0
animal_gut:Ovis canadensis,1,0,0.0
animal_gut:Bombina orientalis,1,0,0.0
other:pollen metagenome,1,1,100.0
other:rhizoplaca melanophthalma subsp. crispa,1,1,100.0
other:microbial fuel cell metagenome,1,1,100.0
animal_gut:Pere David's deer,1,1,100.0
animal_gut:Rhinopithecus strykeri,1,0,0.0
animal_gut:mouse_405,1,0,0.0
other:coleofasciculus sp. dsm 104241,1,0,0.0
animal_gut:mouse_210,1,0,0.0
animal_gut:mouse_247,1,0,0.0
animal_gut:Macaca_fuscata,1,0,0.0
animal_gut:Perisoreus infaustus,1,0,0.0
animal_gut:Tenebrio molitor,1,0,0.0
animal_gut:HV473_E09_0936_BDME190635122-1a_HMJJ3DSXX_L1_1.fq.gz,1,1,100.0
animal_gut:HV357_B01_0820_BDME190635011-1a_HMGLJDSXX_L3_1.fq.gz,1,1,100.0
other:dietary supplements metagenome,1,1,100.0
other:phycosphere metagenome,1,1,100.0
animal_gut:lizard,1,0,0.0
animal_gut:vulture,1,1,100.0
animal_gut:Nyctereutes procyonoides,1,1,100.0
animal_gut:Homo sapiens GER_CD_S14,1,1,100.0
animal_gut:Chrysoperla externa,1,1,100.0
other:salt pan metagenome,1,0,0.0
other:glaciimonas sp. gg7,1,0,0.0
animal_gut:6.43,1,0,0.0
other:loripes orbiculatus,1,1,100.0
other:landfill metagenome,1,0,0.0
animal_gut:Biomphalaria glabrata,1,1,100.0
other:thelocarpon impressellum,1,1,100.0
other:zooplankton metagenome,1,0,0.0
animal_gut:mouse_373,1,0,0.0
animal_gut:Rhinopithecus brelichi,1,0,0.0
other:cyanobacteriota bacterium,1,0,0.0
animal_gut:Johnius elongatus,1,0,0.0
other:nitrospira sp.,1,0,0.0
animal_gut:Homo sapiens H23,1,0,0.0
animal_gut:not appplicable,1,0,0.0
animal_gut:Forest musk deer,1,1,100.0
other:treponema sp.,1,0,0.0
animal_gut:Fish,1,0,0.0
other:typomys planifrons,1,0,0.0
"animal_gut:['Macaca mulatta', '27924']",1,1,100.0
animal_gut:Sichuan goat,1,1,100.0
animal_gut:Eubalaena glacialis,1,0,0.0
animal_gut:Romerolagus diazi,1,0,0.0
other:tannin metagenome,1,0,0.0
other:salt metagenome,1,0,0.0
animal_gut:Apis mellifera ligustica,1,1,100.0
animal_gut:mouse_51,1,0,0.0
animal_gut:Homo sapiens GER_CD_S40,1,1,100.0
other:candidatus cryptobacteroides sp.,1,0,0.0
animal_gut:Atlantic salmon,1,0,0.0
animal_gut:Homo sapiens T37,1,0,0.0
other:pseudomonadales bacterium,1,0,0.0
other:polyplax serrata,1,0,0.0
animal_gut:mouse_275,1,0,0.0
animal_gut:mouse_208,1,0,0.0
animal_gut:mouse_106,1,0,0.0
animal_gut:HV228_E07_0691_BDME190634886-1a_HTMC3DSXX_L3,1,1,100.0
animal_gut:Portunus trituberculatus,1,1,100.0
animal_gut:HV136_D05_0599_BDME190634794-1a_HMHNLDSXX_L3,1,1,100.0
other:amphibian metagenome,1,0,0.0
animal_gut:HV470_E06_0933_BDME190635119-1a_HTLNHDSXX_L1_1.fq.gz,1,1,100.0
animal_gut:HV501_I01_0964_BDME190635150-1a_HTLYJDSXX_L4_1.fq.gz,1,1,100.0
animal_gut:HV050_C09_0513_BDME190634708-1a_HTMC3DSXX_L3,1,1,100.0
animal_gut:Podarcis milensis,1,0,0.0
animal_gut:Proteles cristata,1,1,100.0
animal_gut:bull,1,1,100.0
other:alkali sediment metagenome,1,1,100.0
animal_gut:Infant,1,1,100.0
other:loxospora ochrophaea,1,0,0.0
animal_gut:Nomascus annamensis,1,1,100.0
animal_gut:C57BL/6 mouse,1,1,100.0
animal_gut:192,1,1,100.0
other:bryobacterales bacterium,1,0,0.0
animal_gut:pig PI3,1,1,100.0
animal_gut:Red panda,1,1,100.0
animal_gut:Mareca penelope,1,0,0.0
animal_gut:C57BL/20 mice,1,0,0.0
animal_gut:Leucogeranus leucogeranus,1,0,0.0
animal_gut:Anser fabalis,1,0,0.0
other:rhizoplaca haydenii,1,0,0.0
animal_gut:Cornitermes sp.,1,0,0.0
animal_gut:HV369_C04_0832_BDME190635022-1a_HMGLJDSXX_L2_1.fq.gz,1,1,100.0
animal_gut:HV363_B07_0826_BDME190635016-1a_HMGLJDSXX_L2_1.fq.gz,1,1,100.0
animal_gut:HV088_H02_0551_BDME190634746-1a_HTMF7DSXX_L1,1,1,100.0
animal_gut:HV251_H03_0714_BDME190634909-1a_HMK73DSXX_L4,1,1,100.0
animal_gut:HV127_C05_0590_BDME190634785-1a_HMHM7DSXX_L2,1,1,100.0
other:orf virus,1,0,0.0
animal_gut:Eulemur macaco,1,1,100.0
animal_gut:mouse_57,1,0,0.0
animal_gut:mouse_203,1,0,0.0
other:watershed metagenome,1,0,0.0
"animal_gut:['Macaca mulatta', '4439']",1,1,100.0
animal_gut:Chroicocephalus ridibundus,1,0,0.0
other:nitrospirota bacterium,1,0,0.0
animal_gut:9-1R,1,0,0.0
animal_gut:Neotoma stephensi,1,1,100.0
other:lecanora polytropa,1,1,100.0
other:shale gas metagenome,1,0,0.0
other:prasinovirus,1,0,0.0
animal_gut:Apodemus agrarius,1,0,0.0
other:microbialite metagenome,1,0,0.0
animal_gut:Lissachatina fulica,1,0,0.0
animal_gut:Ovis aries (full capativity),1,0,0.0
animal_gut:Acryllium vulturinum,1,1,100.0
other:candidatus polarisedimenticolia bacterium,1,0,0.0
animal_gut:pangolin,1,0,0.0
animal_gut:Homo sapiens (elderly),1,1,100.0
other:organismal metagenomes,1,1,100.0
animal_gut:195,1,1,100.0
animal_gut:Piaractus mesopotamicus,1,1,100.0
animal_gut:Microtus obscurus,1,1,100.0
animal_gut:Ovis ammon polii,1,0,0.0
animal_gut:Embiratermes neotenicus,1,0,0.0
other:acidobacteriota bacterium,1,0,0.0
other:marsupial metagenome,1,0,0.0
animal_gut:Schizopyge nukiangensis,1,0,0.0
other:hipposideros jonesi,1,0,0.0
"animal_gut:['Macaca mulatta', '21236']",1,1,100.0
animal_gut:Miniopterus schreibersii,1,0,0.0
other:xylophilus sp.,1,0,0.0
animal_gut:Echinops telfairi,1,1,100.0
other:epibiont metagenome,1,1,100.0
animal_gut:Jinhua pig,1,1,100.0
other:uncultured marine virus,1,1,100.0
animal_gut:Partamona musarum,1,0,0.0
animal_gut:mouse_223,1,0,0.0
other:decomposition metagenome,1,1,100.0
animal_gut:HV235_F05_0698_BDME190634893-1a_HTLNHDSXX_L1,1,1,100.0
animal_gut:HV479_F06_0942_BDME190635128-1a_HMJY2DSXX_L3_1.fq.gz,1,1,100.0
animal_gut:Manis javanica,1,0,0.0
other:deltaproteobacteria bacterium,1,0,0.0
animal_gut:snake,1,1,100.0
animal_gut:dairy cattle,1,1,100.0
animal_gut:Labiotermes labralis,1,0,0.0
animal_gut:Microtus ochrogaster,1,1,100.0
animal_gut:Local goose,1,1,100.0
animal_gut:Globitermes brachycerastes,1,0,0.0
animal_gut:Homo sapiens GER_SNF_F116,1,0,0.0
animal_gut:Capra hircus (San Clemente Island goat),1,1,100.0
animal_gut:Gymnolophus obscura,1,0,0.0
other:sphingomonas sp. w002,1,1,100.0
other:rudaea sp.,1,0,0.0
other:anodontia alba,1,1,100.0
animal_gut:Bombus rufocinctus,1,0,0.0
other:inocybe petiginosa,1,0,0.0
other:frankiales bacterium,1,0,0.0
other:ruminococcus sp.,1,1,100.0
animal_gut:Trachypithecus germaini,1,1,100.0
animal_gut:Macrotermes natalensis,1,0,0.0
other:lucina grandinata,1,0,0.0
animal_gut:Didelphis aurita,1,1,100.0
animal_gut:guinea pig,1,0,0.0
animal_gut:G5B16,1,0,0.0
other:stromatolite metagenome,1,0,0.0
other:tomb metagenome,1,0,0.0
animal_gut:HV312_F01_0775_BDME190634968-1a_HN2JLDSXX_L3_1.fq.gz,1,1,100.0
animal_gut:HV330_H01_0793_BDME190634985-1a_HN2JLDSXX_L2_1.fq.gz,1,1,100.0
animal_gut:Macaca mulatta littoralis,1,1,100.0
other:candidatus sigynarchaeales archaeon,1,0,0.0
other:penaeus vannamei,1,0,0.0
animal_gut:Gallus_gallus,1,1,100.0
animal_gut:Tympanuchus cupido,1,1,100.0
other:industrial waste metagenome,1,1,100.0
other:nakamurella sp. gg22,1,0,0.0
animal_gut:Equus ferus przewalskii,1,1,100.0
animal_gut:Galleria mellonella,1,0,0.0
animal_gut:Anacanthotermes turkestanicus,1,0,0.0
other:tree metagenome,1,0,0.0
other:spirochaetaceae bacterium,1,0,0.0
animal_gut:Equus quagga burchellii,1,0,0.0
animal_gut:Hainan goat,1,1,100.0
animal_gut:3,1,0,0.0
animal_gut:GF Mouse,1,0,0.0
animal_gut:SPF mice C57,1,0,0.0
animal_gut:Cleopatra sp.,1,0,0.0
other:streptococcus sp. rmpru010i7,1,1,100.0
animal_gut:Bat,1,0,0.0
animal_gut:Cobb Broiler,1,0,0.0
animal_gut:Myotis myotis,1,0,0.0
other:bulbothrix sp. dp-2024a,1,0,0.0
animal_gut:Strigops habroptila,1,0,0.0
animal_gut:Plateau Brown Frog,1,0,0.0
other:alistipes indistinctus,1,0,0.0
animal_gut:Trichechus manatus latirostris,1,1,100.0
other:saccharomyces cerevisiae,1,0,0.0
other:loripinus fragilis,1,0,0.0
other:rhodococcoides fascians,1,0,0.0
other:tar pit metagenome,1,0,0.0
animal_gut:HV407_G06_0870_BDME190635057-1a_HMHMGDSXX_L2_1.fq.gz,1,1,100.0
animal_gut:Pig 60,1,1,100.0
animal_gut:HV166_G08_0629_BDME190634824-1a_HTMC3DSXX_L3,1,1,100.0
other:salt mine metagenome,1,1,100.0
animal_gut:mouse_136,1,0,0.0
animal_gut:mouse_382,1,0,0.0
animal_gut:mouse_174,1,0,0.0
other:crepidotus cesatii,1,0,0.0
other:pegophysema philippiana,1,0,0.0
other:beetle metagenome,1,0,0.0
animal_gut:Nasutitermes ephratae,1,1,100.0
animal_gut:Homo sapiens GER_SNF_F395,1,1,100.0
other:vibrio kanaloae,1,0,0.0
animal_gut:Eotrichia longipennis,1,0,0.0
animal_gut:G5B13,1,0,0.0
animal_gut:G6A16,1,0,0.0
other:leptolyngbya sp. bl-a-14,1,0,0.0
animal_gut:Mandrillus leucophaeus,1,0,0.0
other:rhizoplaca parilis,1,1,100.0
animal_gut:Mus_musculus,1,0,0.0
animal_gut:Chiroptera,1,0,0.0
animal_gut:Panthera tigris altaica,1,0,0.0
other:mouse skin metagenome,1,1,100.0
animal_gut:Naemorhedus goral,1,0,0.0
other:seriola lalandi,1,0,0.0
animal_gut:Rousettus aegyptiacus,1,1,100.0
other:lacticaseibacillus rhamnosus,1,1,100.0
