genus,human_gut,other:metagenome,animal_gut:Mus musculus,human_unspecified_site,other:gut metagenome,other:soil metagenome,other:marine metagenome,human_skin,human_oral,human_respiratory,other:oral metagenome,animal_gut:Sus scrofa
Oscillibacter,0.582022655040339,0.2199630314232902,0.5324444444444445,0.1948291782086796,0.5280172413793104,0.00392156862745098,0.0,0.01288244766505636,0.0,0.008888888888888889,0.0,0.8520408163265306
Parabacteroides,0.7018987857550322,0.2680221811460259,0.4888888888888889,0.29085872576177285,0.5614224137931034,0.00392156862745098,0.0015337423312883436,0.024154589371980676,0.001697792869269949,0.008888888888888889,0.0,0.7780612244897959
Vescimonas,0.544454404693994,0.17744916820702403,0.0035555555555555557,0.2077562326869806,0.49676724137931033,0.00261437908496732,0.0,0.027375201288244767,0.0,0.008888888888888889,0.0,0.9132653061224489
Bacteroides,0.7992013690815745,0.35181762168823166,0.6408888888888888,0.37119113573407203,0.6228448275862069,0.013071895424836602,0.003067484662576687,0.08051529790660225,0.023769100169779286,0.022222222222222223,0.01485148514851485,0.461734693877551
Roseburia,0.7044250672316844,0.2618607516943931,0.2986666666666667,0.36657433056325023,0.5711206896551724,0.00261437908496732,0.0015337423312883436,0.11272141706924316,0.0050933786078098476,0.006666666666666667,0.0,0.7959183673469388
Blautia_A,0.6982316029663435,0.281577325939618,0.07022222222222223,0.39058171745152354,0.5010775862068966,0.006535947712418301,0.0015337423312883436,0.10628019323671498,0.001697792869269949,0.011111111111111112,0.0,0.8010204081632653
Faecalibacterium,0.7105370385461658,0.266173752310536,0.021333333333333333,0.3619575253924284,0.6185344827586207,0.006535947712418301,0.0015337423312883436,0.10628019323671498,0.003395585738539898,0.008888888888888889,0.0,0.7066326530612245
Collinsella,0.6604188737674191,0.2778804682686383,0.17333333333333334,0.28254847645429365,0.615301724137931,0.00784313725490196,0.004601226993865031,0.07890499194847021,0.010186757215619695,0.042222222222222223,0.0024752475247524753,0.8112244897959183
Streptococcus,0.5716730502811507,0.3314849044978435,0.128,0.34995383194829177,0.4827586206896552,0.022222222222222223,0.015337423312883436,0.571658615136876,0.8998302207130731,0.5377777777777778,0.8193069306930693,0.6632653061224489
Prevotella,0.5328009127210497,0.2988293284041898,0.30577777777777776,0.322253000923361,0.5463362068965517,0.01437908496732026,0.004601226993865031,0.32367149758454106,0.830220713073005,0.32222222222222224,0.5693069306930693,0.9438775510204082
Gemmiger,0.6136419199739223,0.22057917436845348,0.032,0.296398891966759,0.48814655172413796,0.00392156862745098,0.0015337423312883436,0.06280193236714976,0.001697792869269949,0.008888888888888889,0.0,0.8112244897959183
Hominicoprocola,0.4768967484312607,0.14972273567467653,0.0071111111111111115,0.1458910433979686,0.44612068965517243,0.00261437908496732,0.0,0.017713365539452495,0.0,0.008888888888888889,0.0,0.8673469387755102
Neisseria,0.023877434601906933,0.07455329636475662,0.0017777777777777779,0.09602954755309326,0.016163793103448277,0.00130718954248366,0.004601226993865031,0.36553945249597425,0.8064516129032258,0.26222222222222225,0.6287128712871287,0.015306122448979591
Porphyromonas,0.06527585363866026,0.05545286506469501,0.0017777777777777779,0.10987996306555864,0.05818965517241379,0.0,0.0,0.33494363929146537,0.7945670628183361,0.24444444444444444,0.6138613861386139,0.017857142857142856
Cryptobacteroides,0.19305680058674923,0.12014787430683918,0.21688888888888888,0.06278855032317636,0.33512931034482757,0.00261437908496732,0.0,0.001610305958132045,0.0,0.008888888888888889,0.0,0.9132653061224489
Dorea_A,0.5450248553500122,0.17991373998767715,0.0044444444444444444,0.2899353647276085,0.46120689655172414,0.00130718954248366,0.0,0.0322061191626409,0.0,0.008888888888888889,0.0,0.7474489795918368
Acetatifactor,0.5546410235514628,0.2199630314232902,0.496,0.15604801477377656,0.5107758620689655,0.00392156862745098,0.0,0.024154589371980676,0.001697792869269949,0.011111111111111112,0.0,0.673469387755102
Alloprevotella,0.13658218564094207,0.1115218730745533,0.11822222222222223,0.0997229916897507,0.2704741379310345,0.00522875816993464,0.0,0.2608695652173913,0.6485568760611206,0.20666666666666667,0.3465346534653465,0.8673469387755102
Phocaeicola,0.7619590905386684,0.2963647566235367,0.4311111111111111,0.3444136657433056,0.6045258620689655,0.01045751633986928,0.003067484662576687,0.07407407407407407,0.100169779286927,0.013333333333333334,0.022277227722772276,0.42091836734693877
Sodaliphilus,0.02974492706380898,0.024645717806531114,0.0,0.009233610341643583,0.10991379310344827,0.0,0.0,0.001610305958132045,0.0,0.0022222222222222222,0.0,0.9030612244897959
Lawsonibacter,0.5272593920625865,0.20147874306839186,0.5351111111111111,0.1745152354570637,0.38362068965517243,0.00261437908496732,0.0,0.011272141706924315,0.0,0.008888888888888889,0.0,0.6862244897959183
Allocoprococcus,0.49678102844103983,0.1922365988909427,0.09155555555555556,0.23268698060941828,0.3954741379310345,0.00261437908496732,0.0,0.02576489533011272,0.0,0.008888888888888889,0.0,0.7882653061224489
Mediterraneibacter,0.7128188411702387,0.2692544670363524,0.04,0.3490304709141274,0.5538793103448276,0.00522875816993464,0.0,0.08373590982286634,0.0,0.008888888888888889,0.0,0.4387755102040816
CAG-170,0.384320756254584,0.09303758471965495,0.006222222222222222,0.11449676823638043,0.33405172413793105,0.00130718954248366,0.0,0.011272141706924315,0.001697792869269949,0.0044444444444444444,0.0,0.826530612244898
Phascolarctobacterium_A,0.12346182055252221,0.04066543438077634,0.006222222222222222,0.038781163434903045,0.19288793103448276,0.00130718954248366,0.0,0.004830917874396135,0.0,0.0022222222222222222,0.0,0.8801020408163265
Oliverpabstia,0.3537608996821775,0.13863216266173753,0.015111111111111112,0.18282548476454294,0.2349137931034483,0.00130718954248366,0.0,0.017713365539452495,0.0,0.008888888888888889,0.0,0.8494897959183674
Lactobacillus,0.11629044087686415,0.19285274183610598,0.424,0.1283471837488458,0.11099137931034483,0.009150326797385621,0.003067484662576687,0.2882447665056361,0.05432937181663837,0.042222222222222223,0.0,0.8622448979591837
Faecousia,0.3322467606552033,0.11953173136167591,0.2693333333333333,0.08956602031394276,0.3146551724137931,0.00261437908496732,0.0,0.008051529790660225,0.0,0.006666666666666667,0.0,0.8290816326530612
Veillonella,0.6756580555781925,0.2809611829944547,0.15733333333333333,0.31948291782086796,0.46120689655172414,0.00522875816993464,0.0,0.35426731078904994,0.7945670628183361,0.3022222222222222,0.4801980198019802,0.14540816326530612
CAG-103,0.3658218564094206,0.11768330252618607,0.0035555555555555557,0.12742382271468145,0.2510775862068966,0.0,0.0,0.00966183574879227,0.0,0.0044444444444444444,0.0,0.8163265306122449
Angelakisella,0.2382038953630511,0.11275415896487985,0.44355555555555554,0.048938134810710986,0.2252155172413793,0.00261437908496732,0.0,0.00644122383252818,0.0,0.0044444444444444444,0.0,0.7857142857142857
Staphylococcus,0.07448455708581207,0.2285890326555761,0.050666666666666665,0.17174515235457063,0.14870689655172414,0.01568627450980392,0.04294478527607362,0.8872785829307569,0.030560271646859084,0.26,0.01485148514851485,0.0663265306122449
F23-B02,0.25010186618857466,0.066543438077634,0.0026666666666666666,0.06463527239150507,0.1648706896551724,0.0,0.0,0.00644122383252818,0.0,0.0044444444444444444,0.0,0.8418367346938775
Cutibacterium,0.037894222149784045,0.1447935921133703,0.008,0.17266851338873498,0.06465517241379311,0.05228758169934641,0.1656441717791411,0.8792270531400966,0.044142614601018676,0.19555555555555557,0.01485148514851485,0.012755102040816327
Haemophilus_D,0.2367370222475756,0.1170671595810228,0.0,0.17820867959372114,0.1497844827586207,0.0,0.003067484662576687,0.394524959742351,0.7792869269949066,0.37333333333333335,0.45544554455445546,0.0
Limivicinus,0.1622524651617635,0.056069008009858284,0.005333333333333333,0.028624192059095107,0.17456896551724138,0.0,0.0,0.001610305958132045,0.0,0.0022222222222222222,0.0,0.8392857142857143
Lachnospira,0.6138863988265015,0.22489217498459643,0.1608888888888889,0.20406278855032317,0.5280172413793104,0.00261437908496732,0.0,0.04508856682769726,0.001697792869269949,0.0044444444444444444,0.0,0.5280612244897959
SUG1106,0.00040746475429875314,0.010474430067775724,0.0,0.0,0.0010775862068965517,0.00130718954248366,0.0,0.0,0.0,0.0022222222222222222,0.0,0.8137755102040817
Lentihominibacter,0.2974492706380898,0.11213801601971657,0.018666666666666668,0.09787626962142197,0.17025862068965517,0.006535947712418301,0.0,0.00644122383252818,0.0,0.008888888888888889,0.0,0.8086734693877551
Rothia,0.1510064379431179,0.14417744916820702,0.006222222222222222,0.14035087719298245,0.07758620689655173,0.00392156862745098,0.006134969325153374,0.44605475040257647,0.7809847198641766,0.32,0.35396039603960394,0.04336734693877551
