hash,human_gut,other:metagenome,human_unspecified_site,other:soil metagenome,animal_gut:Mus musculus,human_respiratory,other:gut metagenome,human_oral,human_skin,other:marine metagenome,animal_gut:Sus scrofa,other:wastewater metagenome
602460195259448,0.7865322950068713,0.47611379495437467,0.42429516185172295,0.6260930395243092,0.6156,0.20506329113924052,0.6567567567567567,0.5932872655478776,0.32502596053997923,0.21451104100946372,0.8555858310626703,0.46143057503506313
795643185200239,0.7765460375629867,0.4524959742351047,0.37382526975287156,0.6292409933543197,0.6872,0.1189873417721519,0.6441441441441441,0.32181638696939785,0.10072689511941849,0.3217665615141956,0.8433242506811989,0.5105189340813464
179017549978741,0.7126431516262025,0.48282340311325816,0.3386703793943613,0.6421825813221406,0.6336,0.07172995780590717,0.5585585585585585,0.3297137216189536,0.19106957424714435,0.5751840168243953,0.7970027247956403,0.5596072931276297
96725241706654,0.7083829592304168,0.47208803005904454,0.3605986773407588,0.6047569080097936,0.3576,0.09789029535864979,0.5567567567567567,0.3810463968410661,0.5275181723779855,0.3480546792849632,0.7724795640326976,0.5035063113604488
291332461471958,0.8318369216674302,0.3295759527643586,0.39192481726418377,0.021336131514515563,0.7464,0.07088607594936709,0.7549549549549549,0.32082922013820336,0.08515057113187954,0.12197686645636173,0.8692098092643051,0.39691444600280507
497799624405460,0.6346312414109024,0.4015029522275899,0.26592412112774105,0.5820216859041623,0.3052,0.08185654008438818,0.4711711711711712,0.24679170779861798,0.11838006230529595,0.5478443743427971,0.662125340599455,0.517531556802244
49210086272841,0.6961978928080623,0.33225979602791195,0.29446571528019494,0.27177334732423925,0.4992,0.007594936708860759,0.47927927927927927,0.040473840078973346,0.02699896157840083,0.25341745531019977,0.771117166212534,0.37868162692847124
774154066533576,0.5775080164910673,0.41035963499731615,0.3466759484859032,0.3322840153899965,0.288,0.29873417721518986,0.4882882882882883,0.7956564659427443,0.5358255451713395,0.15457413249211358,0.7343324250681199,0.391304347826087
743192852351728,0.6213467704993129,0.35560923242082665,0.2457361642882005,0.27177334732423925,0.5624,0.024472573839662448,0.4126126126126126,0.08983218163869694,0.04776739356178609,0.47634069400630913,0.6553133514986376,0.4642356241234222
806884410428910,0.7401740723774622,0.3070316693505099,0.29063696484510965,0.03147953830010493,0.4776,0.02278481012658228,0.5072072072072072,0.17472852912142153,0.036344755970924195,0.29232386961093587,0.21389645776566757,0.37727910238429174
552955488301762,0.7216216216216216,0.3148148148148148,0.38322311172989904,0.019587268275620847,0.3828,0.20168776371308017,0.4648648648648649,0.6041461006910168,0.25960539979231567,0.0010515247108307045,0.28746594005449594,0.3267882187938289
544326831245460,0.7423728813559322,0.2839506172839506,0.31848242255482073,0.005596362364463099,0.552,0.05907172995780591,0.6225225225225225,0.29516288252714706,0.0446521287642783,0.0031545741324921135,0.7465940054495913,0.364656381486676
314432802456807,0.6750343563902886,0.30676328502415456,0.292725374173338,0.22385449457852397,0.5168,0.04388185654008439,0.5333333333333333,0.029615004935834157,0.3063343717549325,0.008412197686645636,0.771117166212534,0.31977559607293127
79270984158446,0.7315620705451213,0.2713365539452496,0.31256526279150715,0.002098635886673662,0.4844,0.00590717299578059,0.5747747747747748,0.012833168805528134,0.02596053997923157,0.002103049421661409,0.7997275204359673,0.3506311360448808
802091719168107,0.7329363261566652,0.2713365539452496,0.2850678733031674,0.004896817068905212,0.5844,0.017721518987341773,0.5477477477477477,0.09575518262586377,0.033229491173416406,0.004206098843322818,0.5667574931880109,0.2861150070126227
669987396218489,0.5980760421438388,0.32420826623725174,0.2565262791507135,0.4459601259181532,0.4968,0.029535864978902954,0.40540540540540543,0.13129318854886476,0.04984423676012461,0.21451104100946372,0.7098092643051771,0.3520336605890603
663792080711771,0.7425103069170865,0.26757917337627485,0.2791507135398538,0.0031479538300104933,0.5256,0.02109704641350211,0.5342342342342342,0.12734452122408688,0.023883696780893044,0.007360672975814932,0.547683923705722,0.3506311360448808
481636631693457,0.5349977095739807,0.37090713902308103,0.25060911938739994,0.5557887373207415,0.3052,0.07257383966244725,0.4648648648648649,0.39684106614017767,0.09968847352024922,0.22923238696109358,0.6430517711171662,0.44039270687237025
881456100293412,0.6357306459001374,0.2890499194847021,0.2955099199443091,0.04232249038125219,0.5656,0.060759493670886074,0.4963963963963964,0.24777887462981243,0.15472481827622014,0.05783385909568875,0.8160762942779292,0.37166900420757365
211726635845285,0.6809894640403115,0.273215244229737,0.2325095718760877,0.03287862889122071,0.6536,0.004219409282700422,0.6189189189189189,0.049358341559723594,0.018691588785046728,0.060988433228180865,0.6648501362397821,0.36746143057503505
302092356827461,0.40531378836463583,0.464573268921095,0.22171945701357465,0.8037775445960126,0.1672,0.1358649789029536,0.309009009009009,0.17966436327739388,0.2523364485981308,0.6750788643533123,0.5367847411444142,0.6339410939691444
738487638776305,0.6686211635364178,0.26194310252281267,0.25896275670031327,0.008044770898915705,0.4668,0.0759493670886076,0.6153153153153154,0.3425468904244817,0.05192107995846314,0.0031545741324921135,0.8065395095367848,0.30575035063113604
453285660392816,0.7121392579019697,0.26060118089103596,0.3104768534632788,0.004197271773347324,0.5364,0.04556962025316456,0.5207207207207207,0.20434353405725567,0.0529595015576324,0.005257623554153523,0.5790190735694822,0.33520336605890605
133515856625908,0.6262940907008704,0.297638217928073,0.2575704838148277,0.18572927597061908,0.566,0.00590717299578059,0.4144144144144144,0.009871668311944718,0.032191069574247146,0.028391167192429023,0.6648501362397821,0.3814866760168303
119967503267409,0.7136509390746679,0.26301663982823403,0.25304559693699963,0.0038474991255683807,0.4192,0.00590717299578059,0.6621621621621622,0.02073050345508391,0.017653167185877467,0.005257623554153523,0.6893732970027248,0.30995792426367463
273294679123084,0.6631241410902428,0.2627482555018787,0.28437173686042466,0.007345225603357817,0.6064,0.10548523206751055,0.5945945945945946,0.456071076011846,0.07892004153686397,0.0010515247108307045,0.5790190735694822,0.270687237026648
815267276529317,0.6836005497022446,0.28690284487385936,0.31604594500522104,0.02378454004896817,0.0688,0.07426160337552742,0.5207207207207207,0.15597235932872655,0.31568016614745587,0.007360672975814932,0.7057220708446866,0.33660589060308554
580305535782572,0.6682088868529547,0.24745034889962425,0.2788026453184824,0.009793634137810424,0.5896,0.010970464135021098,0.42342342342342343,0.03751233958538993,0.029075804776739357,0.005257623554153523,0.7098092643051771,0.23281907433380084
657325074320620,0.6931745304626661,0.2514761137949544,0.29690219282979463,0.004896817068905212,0.4396,0.04135021097046414,0.5234234234234234,0.19545903257650543,0.03946002076843198,0.002103049421661409,0.5517711171662125,0.3141654978962132
205461222791455,0.6568025652771415,0.24396135265700483,0.278454577097111,0.012591815320041973,0.4532,0.032067510548523206,0.4837837837837838,0.10957551826258638,0.021806853582554516,0.0010515247108307045,0.7193460490463215,0.2314165497896213
